GID_2,NAME_2,NAME_1,region,GAUL_ADM2_NAME,GAUL_ADM1_NAME,NDVI_mean,NDVI_stdDev,NDBI_mean,NDBI_stdDev,urban_gradient_mean,n_lethal,n_protest,n_routine,log_n_routine,log_n_protest
IDN.1.2_1,AcehBarat,Aceh,Sumatra,Aceh Barat,Nangroe Aceh Darussalam,0.7922220705351056,0.1947005470693846,-0.3717496752343364,0.1051857961119516,-1.1639539022607286,0,46,2,0.4771,1.6721
IDN.1.1_1,AcehBaratDaya,Aceh,Sumatra,Aceh Barat Daya,Nangroe Aceh Darussalam,0.75096117020427,0.2363936545164906,-0.3621299627386611,0.1092613869277384,-1.1130982424273663,0,10,0,0.0,1.0414
IDN.1.3_1,AcehBesar,Aceh,Sumatra,Aceh Besar,Nangroe Aceh Darussalam,0.6949776504740061,0.2257026233572484,-0.3076787458183772,0.1595455517617723,-1.006393192208692,0,9,1,0.301,1.0
IDN.1.4_1,AcehJaya,Aceh,Sumatra,Aceh Jaya,Nangroe Aceh Darussalam,0.8144311747427622,0.2082611253443825,-0.397712285050132,0.1139612501827939,-1.212767884540249,0,4,0,0.0,0.699
IDN.1.5_1,AcehSelatan,Aceh,Sumatra,Aceh Selatan,Nangroe Aceh Darussalam,0.6886401359884982,0.2697684342343083,-0.3598488310640702,0.1187464189757733,-1.04849867967067,0,14,0,0.0,1.1761
IDN.1.6_1,AcehSingkil,Aceh,Sumatra,Aceh Singkil,Nangroe Aceh Darussalam,0.5903367098011761,0.2727728676802679,-0.3368884560557511,0.1540530142721805,-0.931080431800788,0,17,0,0.0,1.2553
IDN.1.7_1,AcehTamiang,Aceh,Sumatra,Aceh Tamiang,Nangroe Aceh Darussalam,0.8427703454122558,0.1480247955610495,-0.3979565520133636,0.07838472766908,-1.2406305164731906,0,15,0,0.0,1.2041
IDN.1.8_1,AcehTengah,Aceh,Sumatra,Aceh Tengah,Nangroe Aceh Darussalam,0.6839731646369389,0.2732895947733859,-0.3243606633465729,0.1273970428732335,-1.0085262924480296,0,34,2,0.4771,1.5441
IDN.1.9_1,AcehTenggara,Aceh,Sumatra,Aceh Tenggara,Nangroe Aceh Darussalam,0.5124750257590129,0.3268961141234447,-0.304665096246743,0.1058912239135626,-0.8169198362358996,0,10,0,0.0,1.0414
IDN.1.10_1,AcehTimur,Aceh,Sumatra,Aceh Timur,Nangroe Aceh Darussalam,0.738845304803127,0.2632764306281718,-0.3632366437445424,0.1083391827547759,-1.1014340309930208,0,17,0,0.0,1.2553
IDN.1.11_1,AcehUtara,Aceh,Sumatra,Aceh Utara,Nangroe Aceh Darussalam,0.7001500152266503,0.2354628002207756,-0.3456531486178009,0.1014557823826829,-1.0455410154267155,0,21,0,0.0,1.3424
IDN.1.12_1,BandaAceh,Aceh,Sumatra,Kota Bandaaceh,Nangroe Aceh Darussalam,0.4230452934899644,0.1795356964442188,-0.1093891167903228,0.1018780518352695,-0.5324393603530523,0,124,9,1.0,2.0969
IDN.1.13_1,BenerMeriah,Aceh,Sumatra,Bener Meriah,Nangroe Aceh Darussalam,0.688385705050972,0.3095002053107887,-0.340095832879118,0.1114438763572624,-1.0278842304345803,0,14,0,0.0,1.1761
IDN.1.14_1,Bireuen,Aceh,Sumatra,Bireuen,Nangroe Aceh Darussalam,0.7242071780084678,0.2506412870790832,-0.3459585139290337,0.1117221989226099,-1.0705303827562596,0,11,0,0.0,1.0792
IDN.1.15_1,GayoLues,Aceh,Sumatra,Gayolues,Nangroe Aceh Darussalam,0.7083345115811447,0.2751658738059324,-0.3465514346874591,0.1120652417072508,-1.0547408024739982,0,3,0,0.0,0.6021
IDN.1.16_1,Langsa,Aceh,Sumatra,Kota Langsa,Nangroe Aceh Darussalam,0.774307584140704,0.2080536534340716,-0.3591193199152373,0.1099863438522935,-1.1313607374020327,0,15,1,0.301,1.2041
IDN.1.17_1,Lhokseumawe,Aceh,Sumatra,Kota Lhokseumawe,Nangroe Aceh Darussalam,0.6965472731241246,0.2100811391393212,-0.3020663426473209,0.1318966428356324,-0.9987710604602876,0,72,1,0.301,1.8633
IDN.1.18_1,NaganRaya,Aceh,Sumatra,Naganraya,Nangroe Aceh Darussalam,0.7003983480692016,0.2776485056710518,-0.3428307300652913,0.1142086706822088,-1.0419137935516167,0,17,0,0.0,1.2553
IDN.1.20_1,Pidie,Aceh,Sumatra,Pidie,Nangroe Aceh Darussalam,0.7125386284827911,0.2567095440666104,-0.3526590541410979,0.1124394828308267,-1.065263797386607,0,17,0,0.0,1.2553
IDN.1.21_1,Sabang,Aceh,Sumatra,Kota Sabang,Nangroe Aceh Darussalam,0.7147161325383412,0.2153827325267598,-0.3225209158375097,0.1986230328989944,-1.0510132643926282,0,4,0,0.0,0.699
IDN.1.22_1,Simeulue,Aceh,Sumatra,Simeulue,Nangroe Aceh Darussalam,0.7249939548705242,0.2564211869945434,-0.3733445978463949,0.1702894575530744,-1.104498890640113,0,3,0,0.0,0.6021
IDN.2.1_1,Badung,Bali,Bali & NT,Badung,Bali,0.5533682520538894,0.1878228353345575,-0.1798260501976996,0.1394476284641653,-0.7331974729622189,0,7,0,0.0,0.9031
IDN.2.2_1,Bangli,Bali,Bali & NT,Bangli,Bali,0.5694056862257716,0.2521449812047771,-0.2176598845148463,0.1263029036663408,-0.7870655707406177,0,1,0,0.0,0.301
IDN.2.3_1,Buleleng,Bali,Bali & NT,Buleleng,Bali,0.70422973602612,0.1673660261056034,-0.27658357724216,0.1344571140767111,-0.9815937352446488,0,7,0,0.0,0.9031
IDN.2.4_1,Denpasar,Bali,Bali & NT,Kota Denpasar,Bali,0.4048987855323468,0.1631238956196807,-0.0552526795615441,0.1488037688150804,-0.4602999700650356,0,90,15,1.2041,1.959
IDN.2.5_1,Gianyar,Bali,Bali & NT,Gianyar,Bali,0.4850271347707433,0.2126242868181886,-0.2017593113960477,0.1030813218355846,-0.6868403974147471,0,2,0,0.0,0.4771
IDN.2.6_1,Jembrana,Bali,Bali & NT,Jembrana,Bali,0.6654037076722262,0.2036015540747916,-0.2753080264279716,0.1215850674136831,-0.940728425419433,0,9,0,0.0,1.0
IDN.2.7_1,Karangasem,Bali,Bali & NT,Karangasem,Bali,0.5683371435833813,0.2118993410995387,-0.1957832784134512,0.1838105090546072,-0.7829409618492341,0,9,0,0.0,1.0
IDN.2.8_1,Klungkung,Bali,Bali & NT,Klungkung,Bali,0.4728176867552416,0.220023342044958,-0.1493338335588063,0.1709386880461463,-0.634487130158075,0,2,0,0.0,0.4771
IDN.2.9_1,Tabanan,Bali,Bali & NT,Tabanan,Bali,0.6774720071744769,0.1774892110589355,-0.2837443398012126,0.1106889771111837,-0.96121634697569,0,4,0,0.0,0.699
IDN.3.4_1,Bangka,BangkaBelitung,Sumatra,Bangka,Bangka Belitung,0.6877928397013378,0.2242500252134953,-0.2995264923840372,0.1387944025048642,-0.9874115297245032,0,17,0,0.0,1.2553
IDN.3.1_1,BangkaBarat,BangkaBelitung,Sumatra,Bangka Barat,Bangka Belitung,0.6833715384837751,0.2142580429800746,-0.2918482577764973,0.1456434355907794,-0.9753908388344869,0,7,0,0.0,0.9031
IDN.3.2_1,BangkaSelatan,BangkaBelitung,Sumatra,Bangka Selatan,Bangka Belitung,0.7445519737236832,0.2074480050520603,-0.3414635629877937,0.1310825981217036,-1.086191516513341,0,19,0,0.0,1.301
IDN.3.3_1,BangkaTengah,BangkaBelitung,Sumatra,Bangka Tengah,Bangka Belitung,0.7040542682683785,0.2171454926845178,-0.3075718747223235,0.1370228867589479,-1.0120418029790423,0,21,0,0.0,1.3424
IDN.3.6_1,Belitung,BangkaBelitung,Sumatra,Belitung,Bangka Belitung,0.7044586035409663,0.2487385688670431,-0.3283642165045403,0.1524855448027159,-1.0351057852421104,0,17,0,0.0,1.2553
IDN.3.5_1,BelitungTimur,BangkaBelitung,Sumatra,Belitung Timur,Bangka Belitung,0.6845924399307803,0.2393861448959857,-0.2988900845912873,0.1554386637211703,-0.9837913077447392,0,5,0,0.0,0.7782
IDN.3.7_1,Pangkalpinang,BangkaBelitung,Sumatra,Kota Pangkalpinang,Bangka Belitung,0.539275702256856,0.2116221667452498,-0.1726160427202588,0.1477069963350765,-0.711891744977116,0,69,1,0.301,1.8451
IDN.4.1_1,Cilegon,Banten,Java,Kota Cilegon,Banten,0.3767975105378759,0.2122149122087492,-0.0713392217050892,0.1571892014207052,-0.4495456561911514,0,27,0,0.0,1.4472
IDN.4.2_1,KotaSerang,Banten,Java,Serang,Banten,0.536833262628276,0.2318185802102678,-0.1809052584122745,0.1539356829153018,-0.7179560771411706,0,133,7,0.9031,2.1271
IDN.4.3_1,KotaTangerang,Banten,Java,Tangerang,Banten,0.3699116381331692,0.1408817025370447,-0.057397731890967946,0.0998033255868252,-0.4273093700241373,0,119,2,0.4771,2.0792
IDN.4.4_1,Lebak,Banten,Java,Lebak,Banten,0.7449844341910846,0.1208502172178029,-0.2929121290151033,0.082781751158195,-1.037925493760179,0,37,3,0.6021,1.5798
IDN.4.5_1,Pandeglang,Banten,Java,Pandeglang,Banten,0.6859775868919381,0.20448944633935,-0.2692338993556988,0.1588411500752516,-0.9588284587326592,0,23,0,0.0,1.3802
IDN.5.4_1,Bengkulu,Bengkulu,Sumatra,Kota Bengkulu,Bengkulu,0.5144159801934397,0.3101286953328535,-0.1683446393817568,0.199757843072954,-0.683647738456034,0,58,5,0.7782,1.7709
IDN.5.1_1,BengkuluSelatan,Bengkulu,Sumatra,Bengkulu Selatan,Bengkulu,0.7890453245853232,0.2059031744434965,-0.34951561598692,0.1052386721193498,-1.1385565034690917,0,0,0,0.0,0.0
IDN.5.3_1,BengkuluUtara,Bengkulu,Sumatra,Bengkulu Utara,Bengkulu,0.7915890725183908,0.2056018191123207,-0.3535394849465634,0.107892302135132,-1.1460983506023663,0,3,0,0.0,0.6021
IDN.5.5_1,Kaur,Bengkulu,Sumatra,Kaur,Bengkulu,0.8028015034024765,0.1561907821169573,-0.3517619373917977,0.1022158560732399,-1.1551460059530765,0,0,0,0.0,0.0
IDN.5.6_1,Kepahiang,Bengkulu,Sumatra,Kepahiang,Bengkulu,0.7300265172609662,0.1764518733604579,-0.294154838087336,0.0760613629522693,-1.0241664218064026,0,0,0,0.0,0.0
IDN.5.7_1,Lebong,Bengkulu,Sumatra,Lebong,Bengkulu,0.7006447198054786,0.2544752818418545,-0.3369095267527361,0.0950434878470743,-1.0371778435468682,0,1,0,0.0,0.301
IDN.5.8_1,Mukomuko,Bengkulu,Sumatra,Muko-muko,Bengkulu,0.8018866945644526,0.2000028851996479,-0.3854082657493072,0.0898312028663198,-1.1872535406182638,0,11,0,0.0,1.0792
IDN.5.9_1,RejangLebong,Bengkulu,Sumatra,Rejanglebong,Bengkulu,0.662283860284061,0.2637099249550261,-0.2803217181519556,0.0938357508519003,-0.9423874056185184,0,2,0,0.0,0.4771
IDN.5.10_1,Seluma,Bengkulu,Sumatra,Seluma,Bengkulu,0.7587294244888014,0.2148431195998748,-0.3319975527353296,0.0966322122512351,-1.090726412100141,0,15,1,0.301,1.2041
IDN.6.1_1,Boalemo,Gorontalo,Sulawesi,Boalemo,Gorontalo,0.6461615526870987,0.2279509753877781,-0.2764741783441905,0.1604538790384783,-0.9264842282002804,0,8,0,0.0,0.9542
IDN.6.2_1,BoneBolango,Gorontalo,Sulawesi,Bonebolango,Gorontalo,0.63356532230786,0.301942065884147,-0.3368988368978726,0.1391161193726693,-0.972456947278827,0,10,0,0.0,1.0414
IDN.6.5_1,Gorontalo,Gorontalo,Sulawesi,Gorontalo,Gorontalo,0.6550085060465378,0.183764721246378,-0.2696526896472477,0.1381957073033589,-0.9255700435911387,0,89,3,0.6021,1.9542
IDN.6.7_1,Pohuwato,Gorontalo,Sulawesi,Pohuwato,Gorontalo,0.7014279035861174,0.2272508148810632,-0.3495821909786433,0.1295397808348944,-1.0512219515136192,0,2,0,0.0,0.4771
IDN.7.1_1,JakartaBarat,JakartaRaya,Java,Kota Jakarta Barat,Dki Jakarta,0.2652057666746822,0.1101896428608907,0.0167547937589382,0.0850787115880056,-0.2484509729157441,0,32,0,0.0,1.5185
IDN.7.2_1,JakartaPusat,JakartaRaya,Java,Kota Jakarta Pusat,Dki Jakarta,0.2495136487892241,0.1055459719705409,0.02428357785613,0.0811287746489952,-0.2252300709330945,0,1139,50,1.7076,3.0569
IDN.7.3_1,JakartaSelatan,JakartaRaya,Java,Kota Jakarta Selatan,Dki Jakarta,0.3490022077755493,0.1113264925834787,-0.0053265132399031,0.0866580406902031,-0.3543287210154523,0,488,8,0.9542,2.6893
IDN.7.4_1,JakartaTimur,JakartaRaya,Java,Kota Jakarta Timur,Dki Jakarta,0.3154245527826943,0.125159580549361,0.0145797594859437,0.0918424546364417,-0.3008447932967502,0,84,3,0.6021,1.9294
IDN.7.5_1,JakartaUtara,JakartaRaya,Java,Kota Jakarta Utara,Dki Jakarta,0.2425790755767001,0.1401123473520162,-0.0172155755920205,0.122082788311039,-0.2597946511687201,0,43,0,0.0,1.6435
IDN.8.1_1,BatangHari,Jambi,Sumatra,Batanghari,Jambi,0.7190607868957273,0.1663196203123694,-0.3033463624267772,0.1003794775053421,-1.022407149322496,0,4,0,0.0,0.699
IDN.8.2_1,Bungo,Jambi,Sumatra,Bungo,Jambi,0.7689259686533824,0.1465911064505202,-0.3194827775541439,0.0781803979701362,-1.0884059902637828,0,11,0,0.0,1.0792
IDN.8.3_1,Jambi,Jambi,Sumatra,Kota Jambi,Jambi,0.4604264355688133,0.2207001208003054,-0.1388025799105688,0.1436364329646707,-0.5992290154793833,0,98,5,0.7782,1.9956
IDN.8.4_1,Kerinci,Jambi,Sumatra,Kerinci,Jambi,0.7534190453240919,0.1916682842965029,-0.335928728943023,0.0788444462050078,-1.089310551969648,0,10,0,0.0,1.0414
IDN.8.5_1,Merangin,Jambi,Sumatra,Merangin,Jambi,0.7502758382243169,0.1751497042383202,-0.3375577043698972,0.0764752452894568,-1.0877963039924494,0,12,2,0.4771,1.1139
IDN.8.6_1,MuaroJambi,Jambi,Sumatra,Muarojambi,Jambi,0.6881922838246612,0.1850396666273596,-0.3148038613950958,0.1170751052474603,-1.0029961452197511,0,18,1,0.301,1.2788
IDN.8.7_1,Sarolangun,Jambi,Sumatra,Sarolangun,Jambi,0.772742118950303,0.1127182055225096,-0.3282210717362284,0.0943643474073715,-1.1009560430768337,0,8,0,0.0,0.9542
IDN.8.9_1,TanjungJabungB,Jambi,Sumatra,Tanjungjabung Barat,Jambi,0.7257651676248292,0.138711112162344,-0.3340091040039638,0.1173545800038267,-1.0597742716288143,0,11,0,0.0,1.0792
IDN.8.10_1,TanjungJabungT,Jambi,Sumatra,Tanjungjabung Timur,Jambi,0.6872260577306882,0.1808359888994705,-0.3444745481455733,0.1096172709385132,-1.03165742808584,0,4,0,0.0,0.699
IDN.8.11_1,Tebo,Jambi,Sumatra,Tebo,Jambi,0.7001781345817777,0.18242850430265,-0.2844926444848707,0.0891552911144909,-0.984664784254334,0,13,0,0.0,1.1461
IDN.9.2_1,Bandung,JawaBarat,Java,Bandung,Jawa Barat,0.4721011003319473,0.16513695540353718,-0.10281269418361245,0.12068100555409755,-0.5749137945155541,0,361,5,0.7782,2.5587
IDN.9.3_1,Banjar,JawaBarat,Java,Kota Banjar,Jawa Barat,0.542741477628586,0.145593413247919,-0.152009299179166,0.1082678410912045,-0.6947507768077508,0,1,0,0.0,0.301
IDN.9.4_1,Bekasi,JawaBarat,Java,Bekasi,Jawa Barat,0.34816768823756084,0.1332716315378383,-0.05255160283573,0.11150751623800904,-0.40071929107329185,0,117,6,0.8451,2.0719
IDN.9.5_1,Bogor,JawaBarat,Java,Bogor,Jawa Barat,0.5538415346639842,0.14351795063467132,-0.14732412398553366,0.1019382992345898,-0.7011656586495112,0,194,3,0.6021,2.29
IDN.9.6_1,Ciamis,JawaBarat,Java,Ciamis,Jawa Barat,0.6046522918327265,0.1803311347371548,-0.210136806198644,0.1090571001564605,-0.8147875945006855,0,28,0,0.0,1.4624
IDN.9.7_1,Cianjur,JawaBarat,Java,Cianjur,Jawa Barat,0.6770824025516439,0.1410773447523867,-0.2275892119904158,0.1115188101233965,-0.9046716145420504,0,47,2,0.4771,1.6812
IDN.9.8_1,Cimahi,JawaBarat,Java,Kota Cimahi,Jawa Barat,0.2934194700785763,0.1087110024252638,0.04256747833256,0.0899156842854622,-0.2508519917460161,0,23,0,0.0,1.3802
IDN.9.9_1,Cirebon,JawaBarat,Java,Cirebon,Jawa Barat,0.3463221565514141,0.12555707534362387,-0.0273987886912175,0.10269514350935474,-0.37372094524263133,0,58,2,0.4771,1.7709
IDN.9.10_1,Depok,JawaBarat,Java,Kota Depok,Jawa Barat,0.4337983814654814,0.123693728241888,-0.0515131045531612,0.0956256938293234,-0.485311486018646,0,76,0,0.0,1.8865
IDN.9.11_1,Garut,JawaBarat,Java,Garut,Jawa Barat,0.624478587253692,0.1752976837633591,-0.1982135672593686,0.122145071912341,-0.8226953716226874,0,28,0,0.0,1.4624
IDN.9.12_1,Indramayu,JawaBarat,Java,Indramayu,Jawa Barat,0.3846078245624497,0.1816968369987099,-0.0912542308387318,0.1316536539123409,-0.475862055401182,0,87,4,0.699,1.9445
IDN.9.13_1,Karawang,JawaBarat,Java,Karawang,Jawa Barat,0.424241769001316,0.2107664649408229,-0.2206778337263024,0.1465106190575033,-0.6449196027276197,0,44,2,0.4771,1.6532
IDN.9.18_1,KotaSukabumi,JawaBarat,Java,Kota Sukabumi,Jawa Barat,0.5909409183301515,0.13375654012118748,-0.16745740902600104,0.1215467404379813,-0.7584482292963832,0,94,6,0.8451,1.9777
IDN.9.19_1,KotaTasikmalaya,JawaBarat,Java,Kota Tasikmalaya,Jawa Barat,0.5487444688728911,0.19458571039937395,-0.18123503613984235,0.11150904861076115,-0.7299795050127356,0,102,2,0.4771,2.0128
IDN.9.20_1,Kuningan,JawaBarat,Java,Kuningan,Jawa Barat,0.5454718390236111,0.1624253742947904,-0.1316456941544441,0.1297360748432832,-0.6771175331780585,0,15,1,0.301,1.2041
IDN.9.21_1,Majalengka,JawaBarat,Java,Majalengka,Jawa Barat,0.4387039430145981,0.1721913899958559,-0.0715213186722303,0.129365424094582,-0.5102252616868335,0,31,0,0.0,1.5051
IDN.9.22_1,Purwakarta,JawaBarat,Java,Purwakarta,Jawa Barat,0.6008357785134495,0.1975798639978811,-0.2120877740724177,0.1151772879918331,-0.8129235525858679,0,36,1,0.301,1.5682
IDN.9.23_1,Subang,JawaBarat,Java,Subang,Jawa Barat,0.5680025124241905,0.1804536002223629,-0.2146763399390495,0.1281498810501858,-0.7826788523632499,0,41,0,0.0,1.6232
IDN.9.25_1,Sumedang,JawaBarat,Java,Sumedang,Jawa Barat,0.5491203622039055,0.1818140486096738,-0.146497008894318,0.1332356021386938,-0.6956173710982214,0,27,1,0.301,1.4472
IDN.10.1_1,Banjarnegara,JawaTengah,Java,Banjarnegara,Jawa Tengah,0.6849873925499419,0.1331023756524915,-0.2655916732364659,0.0822404096161546,-0.9505790657864168,0,12,0,0.0,1.1139
IDN.10.2_1,Banyumas,JawaTengah,Java,Banyumas,Jawa Tengah,0.6013230862639637,0.1679503472088685,-0.2037621408429488,0.103619923551774,-0.8050852271069106,0,71,2,0.4771,1.8573
IDN.10.3_1,Batang,JawaTengah,Java,Batang,Jawa Tengah,0.7003400569913977,0.1904044793829027,-0.2809192164585188,0.10649106514153,-0.9812592734499136,0,12,0,0.0,1.1139
IDN.10.4_1,Blora,JawaTengah,Java,Blora,Jawa Tengah,0.4464399226139058,0.1022233125807986,0.002284837474741,0.0897471472760165,-0.4441550851391683,0,18,0,0.0,1.2788
IDN.10.5_1,Boyolali,JawaTengah,Java,Boyolali,Jawa Tengah,0.5967519884344767,0.126290638116276,-0.157201385981352,0.101695816711747,-0.7539533744158357,0,18,0,0.0,1.2788
IDN.10.6_1,Brebes,JawaTengah,Java,Brebes,Jawa Tengah,0.4181629369172211,0.2127422506200842,-0.0726687318084474,0.1467215386230245,-0.4908316687256635,0,37,0,0.0,1.5798
IDN.10.7_1,Cilacap,JawaTengah,Java,Cilacap,Jawa Tengah,0.5583189515169091,0.1724498197671312,-0.1718203362488426,0.1261450501593109,-0.7301357526852457,0,8,0,0.0,0.9542
IDN.10.8_1,Demak,JawaTengah,Java,Demak,Jawa Tengah,0.4802617646102265,0.1903022779290868,-0.1511501292370507,0.1133772174441376,-0.6314118938472788,0,18,0,0.0,1.2788
IDN.10.9_1,Grobogan,JawaTengah,Java,Grobogan,Jawa Tengah,0.47782914202818,0.1158120230411085,-0.0530300534039506,0.1022348623665636,-0.5308591954321309,0,2,0,0.0,0.4771
IDN.10.10_1,Jepara,JawaTengah,Java,Jepara,Jawa Tengah,0.6214719068235064,0.2470080224609237,-0.2157950648562172,0.1348151457695935,-0.8374454497147154,0,25,0,0.0,1.415
IDN.10.11_1,Karanganyar,JawaTengah,Java,Karanganyar,Jawa Tengah,0.5742318126248511,0.1319372784944327,-0.1610239962482047,0.1059069203511806,-0.735255808873057,0,23,0,0.0,1.3802
IDN.10.12_1,Kebumen,JawaTengah,Java,Kebumen,Jawa Tengah,0.6483592379444586,0.1204888219925428,-0.2220326917191719,0.0957586050130459,-0.8703919296636319,0,7,0,0.0,0.9031
IDN.10.13_1,Kendal,JawaTengah,Java,Kendal,Jawa Tengah,0.6482840055309371,0.1710049831512411,-0.2313255537543492,0.1052818496534353,-0.8796095592852916,0,9,0,0.0,1.0
IDN.10.14_1,Klaten,JawaTengah,Java,Klaten,Jawa Tengah,0.5577739958640979,0.10984306831482105,-0.15343448024913275,0.10452556442353836,-0.7112084761132309,0,41,0,0.0,1.6232
IDN.10.15_1,KotaMagelang,JawaTengah,Java,Kota Magelang,Jawa Tengah,0.5748803078547647,0.13237444235944484,-0.15465244965388483,0.11693161077244245,-0.7295327575086517,0,23,1,0.301,1.3802
IDN.10.16_1,KotaPekalongan,JawaTengah,Java,Kota Pekalongan,Jawa Tengah,0.49080930196315564,0.22677461058059717,-0.17172830039240322,0.14304099926331526,-0.6625376023555608,0,21,0,0.0,1.3424
IDN.10.17_1,KotaSemarang,JawaTengah,Java,Kota Semarang,Jawa Tengah,0.5955564353611639,0.1678792108406851,-0.17126111567131255,0.12531499299803733,-0.7668175510324751,0,209,8,0.9542,2.3222
IDN.10.18_1,KotaTegal,JawaTengah,Java,Kota Tegal,Jawa Tengah,0.3644076030866775,0.1721207360316097,-0.057108207620138594,0.12777504333144124,-0.42151581070681476,0,37,0,0.0,1.5798
IDN.10.19_1,Kudus,JawaTengah,Java,Kudus,Jawa Tengah,0.5325148800117978,0.1369339498721111,-0.1246635559560842,0.111145342039951,-0.6571784359678805,0,44,1,0.301,1.6532
IDN.10.21_1,Pati,JawaTengah,Java,Pati,Jawa Tengah,0.4679545552399983,0.1533070223235416,-0.0709202348638539,0.1251444157390068,-0.5388747901038524,0,52,0,0.0,1.7243
IDN.10.23_1,Pemalang,JawaTengah,Java,Pemalang,Jawa Tengah,0.6061548290205039,0.1415880242674152,-0.1945653351319483,0.1100191290037156,-0.8007201641524517,0,15,0,0.0,1.2041
IDN.10.24_1,Purbalingga,JawaTengah,Java,Purbalingga,Jawa Tengah,0.665505634266075,0.1392155235420827,-0.2473916512576227,0.0862401852876707,-0.9128972855237086,0,2,0,0.0,0.4771
IDN.10.25_1,Purworejo,JawaTengah,Java,Purworejo,Jawa Tengah,0.6946793796987136,0.1334498151492521,-0.2759129112487387,0.0957080353272773,-0.9705922909474556,0,26,1,0.301,1.4314
IDN.10.26_1,Rembang,JawaTengah,Java,Rembang,Jawa Tengah,0.4429082726922389,0.1706673068498347,-0.0199883976526624,0.097750003493924,-0.4628966703449002,0,10,1,0.301,1.0414
IDN.10.27_1,Salatiga,JawaTengah,Java,Kota Salatiga,Jawa Tengah,0.6279823856365239,0.1572460834492182,-0.1651976425459078,0.1384004738777073,-0.7931800281824326,0,23,0,0.0,1.3802
IDN.10.29_1,Sragen,JawaTengah,Java,Sragen,Jawa Tengah,0.5125955219667097,0.1602132075859872,-0.1253993172863209,0.1207256310476566,-0.6379948392530281,0,4,0,0.0,0.699
IDN.10.30_1,Sukoharjo,JawaTengah,Java,Sukoharjo,Jawa Tengah,0.4954108247119407,0.1177966197886035,-0.1095780296982148,0.1233252896181595,-0.6049888544101542,0,25,2,0.4771,1.415
IDN.10.31_1,Surakarta,JawaTengah,Java,Kota Surakarta,Jawa Tengah,0.3185367993574132,0.0912618604148939,0.0323962230299751,0.0780144995956127,-0.2861405763274383,0,102,7,0.9031,2.0128
IDN.10.33_1,Temanggung,JawaTengah,Java,Temanggung,Jawa Tengah,0.6826466207304787,0.1389375538099068,-0.2459614343855898,0.108565994023628,-0.9286080551160758,0,8,0,0.0,0.9542
IDN.10.35_1,Wonogiri,JawaTengah,Java,Wonogiri,Jawa Tengah,0.5322487761917783,0.1500222703217852,-0.1164634335697764,0.0962244718725741,-0.6487146874477193,0,4,0,0.0,0.699
IDN.10.36_1,Wonosobo,JawaTengah,Java,Wonosobo,Jawa Tengah,0.6903848935917406,0.1486858209933784,-0.2823322913177949,0.0908177294175077,-0.9727171849095348,0,8,0,0.0,0.9542
IDN.11.1_1,Bangkalan,JawaTimur,Java,Bangkalan,Jawa Timur,0.5528852509098434,0.2216203572302133,-0.1182515538869922,0.1254366616562537,-0.6711368047968348,0,35,1,0.301,1.5563
IDN.11.2_1,Banyuwangi,JawaTimur,Java,Banyuwangi,Jawa Timur,0.6484381218529565,0.1765513711099728,-0.2501015405015467,0.1284980809202558,-0.899061836267402,0,37,1,0.301,1.5798
IDN.11.3_1,Batu,JawaTimur,Java,Kota Batu,Jawa Timur,0.6916257853996955,0.1378024628905002,-0.2449076376745675,0.1091541331047635,-0.936533423074264,0,6,0,0.0,0.8451
IDN.11.4_1,Blitar,JawaTimur,Java,Blitar,Jawa Timur,0.5551968624533322,0.12142558326545395,-0.14158498970406455,0.1143364462087991,-0.6972323228452375,0,58,2,0.4771,1.7709
IDN.11.5_1,Bojonegoro,JawaTimur,Java,Bojonegoro,Jawa Timur,0.4392185923144963,0.1141001334581775,-0.0357560932085762,0.1048025872430625,-0.4749746855230672,0,25,0,0.0,1.415
IDN.11.6_1,Bondowoso,JawaTimur,Java,Bondowoso,Jawa Timur,0.6817680003564598,0.1215754667507874,-0.2368051882805637,0.1050218908538212,-0.9185731886370216,0,10,0,0.0,1.0414
IDN.11.7_1,Gresik,JawaTimur,Java,Gresik,Jawa Timur,0.4326263338225858,0.2150018819580993,-0.1479661719273882,0.1751194016211239,-0.5824411434728826,0,66,3,0.6021,1.8261
IDN.11.8_1,Jember,JawaTimur,Java,Jember,Jawa Timur,0.6240807060118225,0.15167649725056195,-0.21084811387825936,0.1160500005901263,-0.8351022481122303,0,118,2,0.4771,2.0755
IDN.11.9_1,Jombang,JawaTimur,Java,Jombang,Jawa Timur,0.5726256576604302,0.1144154531009983,-0.1592702919827456,0.103631277876974,-0.7318959496431857,0,47,2,0.4771,1.6812
IDN.11.10_1,Kediri,JawaTimur,Java,Kediri,Jawa Timur,0.5389691344510626,0.1214390678880116,-0.1417974537417813,0.10254106242877045,-0.6807665881928464,0,77,2,0.4771,1.8921
IDN.11.13_1,KotaMadiun,JawaTimur,Java,Kota Madiun,Jawa Timur,0.4971464524399909,0.12814664334302583,-0.08744309691180925,0.12964161400408836,-0.5845895493517987,0,17,0,0.0,1.2553
IDN.11.14_1,KotaMalang,JawaTimur,Java,Malang,Jawa Timur,0.5353450977421972,0.1564798009821643,-0.13900113912400291,0.12240018084696555,-0.6744552173238443,0,151,3,0.6021,2.1818
IDN.11.15_1,KotaMojokerto,JawaTimur,Java,Kota Mojokerto,Jawa Timur,0.5072185736151323,0.13626901305761513,-0.1307447246970176,0.1127198039772446,-0.6379614911874065,0,42,0,0.0,1.6335
IDN.11.16_1,KotaPasuruan,JawaTimur,Java,Kota Pasuruan,Jawa Timur,0.5070862117564171,0.16424502112577472,-0.1830771490876963,0.1287289626008926,-0.6901633608441129,0,26,0,0.0,1.4314
IDN.11.17_1,KotaProbolinggo,JawaTimur,Java,Kota Probolinggo,Jawa Timur,0.5838088445330261,0.14685762994655024,-0.2020892465528416,0.1098701239043318,-0.7858958477637098,0,27,0,0.0,1.4472
IDN.11.18_1,Lamongan,JawaTimur,Java,Lamongan,Jawa Timur,0.44644287749708,0.1271775169745007,-0.0764384857842481,0.1337284039228458,-0.5228813632813364,0,47,0,0.0,1.6812
IDN.11.19_1,Lumajang,JawaTimur,Java,Lumajang,Jawa Timur,0.6712735117128853,0.149603667717476,-0.2635369215670751,0.0945881889086036,-0.9348104332799594,0,31,0,0.0,1.5051
IDN.11.21_1,Magetan,JawaTimur,Java,Magetan,Jawa Timur,0.5613981262524395,0.1289970152524462,-0.1518095224785651,0.1135585566175876,-0.7132076487310026,0,5,0,0.0,0.7782
IDN.11.24_1,Nganjuk,JawaTimur,Java,Nganjuk,Jawa Timur,0.5525115661269383,0.12540947314364,-0.130217410241875,0.1284245732819825,-0.6827289763688205,0,8,0,0.0,0.9542
IDN.11.25_1,Ngawi,JawaTimur,Java,Ngawi,Jawa Timur,0.5485707724380405,0.1353375166353515,-0.1306079520058286,0.1362498085883113,-0.6791787244438641,0,3,0,0.0,0.6021
IDN.11.26_1,Pacitan,JawaTimur,Java,Pacitan,Jawa Timur,0.6326268464738452,0.1358929609047356,-0.1916963105155345,0.1067346265176681,-0.8247537666469879,0,6,0,0.0,0.8451
IDN.11.27_1,Pamekasan,JawaTimur,Java,Pamekasan,Jawa Timur,0.4778252106245877,0.2113755720155006,-0.0817874147795123,0.1152483349466924,-0.559612625404097,0,59,2,0.4771,1.7782
IDN.11.29_1,Ponorogo,JawaTimur,Java,Ponorogo,Jawa Timur,0.5754940286723782,0.11815813489421,-0.1554140219774894,0.1023540891667258,-0.7309080506498653,0,22,0,0.0,1.3617
IDN.11.31_1,Sampang,JawaTimur,Java,Sampang,Jawa Timur,0.4937250480792433,0.2086468520715851,-0.0769918024867293,0.1111143774954782,-0.5707168505659737,0,31,4,0.699,1.5051
IDN.11.32_1,Sidoarjo,JawaTimur,Java,Sidoarjo,Jawa Timur,0.4498420819902107,0.1499606755502085,-0.1286974827980262,0.1187656606589842,-0.5785395647882376,0,60,1,0.301,1.7853
IDN.11.33_1,Situbondo,JawaTimur,Java,Situbondo,Jawa Timur,0.6189372517054329,0.1925881871559963,-0.2019725295020473,0.1275311784543703,-0.8210465101889891,0,30,0,0.0,1.4914
IDN.11.34_1,Sumenep,JawaTimur,Java,Sumenep,Jawa Timur,0.4853827733509173,0.255062451190348,-0.1102077932808147,0.1753019612698383,-0.599088043302482,0,62,0,0.0,1.7993
IDN.11.35_1,Surabaya,JawaTimur,Java,Kota Surabaya,Jawa Timur,0.2965645854432687,0.1432649147257698,-0.0365850945194585,0.1257963011125881,-0.3331496799627265,0,329,7,0.9031,2.5185
IDN.11.36_1,Trenggalek,JawaTimur,Java,Trenggalek,Jawa Timur,0.5986059599533161,0.165106537134441,-0.2287237961681971,0.1086801382148071,-0.8278121819600358,0,28,0,0.0,1.4624
IDN.11.37_1,Tuban,JawaTimur,Java,Tuban,Jawa Timur,0.4199965322171666,0.1631394922368057,-0.0099184581522137,0.1321381895367807,-0.4299149903693822,0,37,3,0.6021,1.5798
IDN.11.38_1,Tulungagung,JawaTimur,Java,Tulungagung,Jawa Timur,0.5493366514301102,0.1422004649517946,-0.1866046771945333,0.0946509831709162,-0.7360241458814157,0,34,0,0.0,1.5441
IDN.12.1_1,Bengkayang,KalimantanBarat,Kalimantan,Bengkayang,Kalimantan Barat,0.7712247053775265,0.149484486938911,-0.3388828689646007,0.0943744804061052,-1.1101491028622172,0,4,0,0.0,0.699
IDN.12.2_1,KapuasHulu,KalimantanBarat,Kalimantan,Kapuas Hulu,Kalimantan Barat,0.7493167001773201,0.1912905203511082,-0.3727148217439412,0.1114661307327217,-1.1219523272832177,0,5,0,0.0,0.7782
IDN.12.4_1,Ketapang,KalimantanBarat,Kalimantan,Ketapang,Kalimantan Barat,0.7499455942468558,0.1985079815569332,-0.3495088950933677,0.1298407750714839,-1.0992458345417129,0,23,0,0.0,1.3802
IDN.12.5_1,KotaPontianak,KalimantanBarat,Kalimantan,Pontianak,Kalimantan Barat,0.6824080897421896,0.20285393922572864,-0.29501999918026606,0.1352749142955209,-0.9774279114124663,0,81,3,0.6021,1.9138
IDN.12.7_1,Landak,KalimantanBarat,Kalimantan,Landak,Kalimantan Barat,0.7877457633706143,0.120609739340767,-0.3405297708089414,0.0856939377187493,-1.1282703876466764,0,3,0,0.0,0.6021
IDN.12.8_1,Melawi,KalimantanBarat,Kalimantan,Melawi,Kalimantan Barat,0.700227416930594,0.1971187068300724,-0.3495084479728552,0.085616686096078,-1.049728272687325,0,1,0,0.0,0.301
IDN.12.10_1,Sambas,KalimantanBarat,Kalimantan,Sambas,Kalimantan Barat,0.6910573837377514,0.2508349417328451,-0.3299065330698519,0.1322062511914395,-1.0219922851215877,0,10,0,0.0,1.0414
IDN.12.11_1,Sanggau,KalimantanBarat,Kalimantan,Sanggau,Kalimantan Barat,0.772497874447758,0.1615152670879115,-0.3476455991142435,0.097860910930087,-1.1201341263333608,0,2,0,0.0,0.4771
IDN.12.12_1,Sekadau,KalimantanBarat,Kalimantan,Sekadau,Kalimantan Barat,0.7622320808430391,0.1471390468410034,-0.3440095736620047,0.0791044004156634,-1.1062268412054068,0,3,0,0.0,0.6021
IDN.12.13_1,Singkawang,KalimantanBarat,Kalimantan,Kota Singkawang,Kalimantan Barat,0.6953046314548142,0.2298666367698076,-0.3108819437090326,0.1300163696437137,-1.0062237338038431,0,12,0,0.0,1.1139
IDN.12.14_1,Sintang,KalimantanBarat,Kalimantan,Sintang,Kalimantan Barat,0.6944702057310712,0.1958263602416028,-0.3269997289640295,0.0994616976077529,-1.021416079816431,0,34,0,0.0,1.5441
IDN.13.1_1,Balangan,KalimantanSelatan,Kalimantan,Balangan,Kalimantan Selatan,0.6477093021723387,0.2609574118729535,-0.2462499634977879,0.1402713521564567,-0.8934477850366085,0,1,0,0.0,0.301
IDN.13.3_1,Banjar,KalimantanSelatan,Kalimantan,Banjar,Kalimantan Selatan,0.6255086213779844,0.1954712415939909,-0.1947878379584242,0.1516415747999278,-0.8202757579051404,0,6,0,0.0,0.8451
IDN.13.2_1,BanjarBaru,KalimantanSelatan,Kalimantan,Kota Banjarbaru,Kalimantan Selatan,0.5490567610851556,0.1317539296218044,-0.0878319080003127,0.1163679447592329,-0.6368886690854676,0,20,0,0.0,1.3222
IDN.13.4_1,Banjarmasin,KalimantanSelatan,Kalimantan,Kota Banjarmasin,Kalimantan Selatan,0.5084158111642252,0.2153051305057465,-0.1614912698235223,0.1695498172451656,-0.6699070809877473,0,106,4,0.699,2.0294
IDN.13.5_1,BaritoKuala,KalimantanSelatan,Kalimantan,Baritokuala,Kalimantan Selatan,0.640789231075921,0.1598969416238245,-0.1994224511941721,0.1323547490997533,-0.8402116822700929,0,5,0,0.0,0.7782
IDN.13.6_1,HuluSungaiSelatan,KalimantanSelatan,Kalimantan,Hulusungai Selatan,Kalimantan Selatan,0.5491461196801594,0.2228062207786297,-0.1357599761398829,0.1535888682758837,-0.6847757916118078,0,1,0,0.0,0.301
IDN.13.7_1,HuluSungaiTengah,KalimantanSelatan,Kalimantan,Hulusungai Tengah,Kalimantan Selatan,0.6140107255089836,0.2320153416152157,-0.2049288124334781,0.1455143046010606,-0.8184667024860831,0,10,0,0.0,1.0414
IDN.13.8_1,HuluSungaiUtara,KalimantanSelatan,Kalimantan,Hulusungai Utara,Kalimantan Selatan,0.567267023955435,0.1535573890515975,-0.1357544788079004,0.1241508232743667,-0.7029906371486375,0,3,0,0.0,0.6021
IDN.13.9_1,KotaBaru,KalimantanSelatan,Kalimantan,Kota Baru,Kalimantan Selatan,0.6547253601420258,0.2701755689988331,-0.2833624903186139,0.1423731227893429,-0.9375100698941906,0,7,0,0.0,0.9031
IDN.13.10_1,Tabalong,KalimantanSelatan,Kalimantan,Tabalong,Kalimantan Selatan,0.6873191150834691,0.2011716889430814,-0.2384701431534189,0.1362671647405681,-0.9257687326581904,0,6,0,0.0,0.8451
IDN.13.11_1,TanahBumbu,KalimantanSelatan,Kalimantan,Tanahbumbu,Kalimantan Selatan,0.6369905819543915,0.2686601334986677,-0.2437633964690354,0.1480597348551978,-0.8804136039717998,0,1,0,0.0,0.301
IDN.13.12_1,TanahLaut,KalimantanSelatan,Kalimantan,Tanahlaut,Kalimantan Selatan,0.543095413776408,0.2956265698626558,-0.211245854238205,0.1536600915433534,-0.7543511399570404,0,12,0,0.0,1.1139
IDN.13.13_1,Tapin,KalimantanSelatan,Kalimantan,Tapin,Kalimantan Selatan,0.5981603538916821,0.1748490635883849,-0.1394572118527868,0.1505613639946557,-0.7375819999335749,0,9,0,0.0,1.0
IDN.14.1_1,BaritoSelatan,KalimantanTengah,Kalimantan,Barito Selatan,Kalimantan Tengah,0.5599641623588881,0.2216666149324699,-0.2756519614511993,0.1315202768952615,-0.8356161238100827,0,0,0,0.0,0.0
IDN.14.2_1,BaritoTimur,KalimantanTengah,Kalimantan,Barito Timur,Kalimantan Tengah,0.6963989914334116,0.1331845481294795,-0.2533766316731717,0.1131908445346813,-0.9497718211528196,0,1,0,0.0,0.301
IDN.14.3_1,BaritoUtara,KalimantanTengah,Kalimantan,Barito Utara,Kalimantan Tengah,0.1504554412035072,0.135095263841134,-0.3247380123544086,0.098679243060636,-0.4751900269734519,0,0,0,0.0,0.0
IDN.14.4_1,GunungMas,KalimantanTengah,Kalimantan,Gunungmas,Kalimantan Tengah,0.2882561881926667,0.1708998591264194,-0.3114678290323609,0.0713023851878483,-0.599724017225028,0,1,0,0.0,0.301
IDN.14.5_1,Kapuas,KalimantanTengah,Kalimantan,Kapuas,Kalimantan Tengah,0.6042026895010066,0.2362028934240409,-0.3012083034736202,0.1146610078461232,-0.9054109929746352,0,4,0,0.0,0.699
IDN.14.6_1,Katingan,KalimantanTengah,Kalimantan,Katingan,Kalimantan Tengah,0.6959530501261795,0.1961188256190459,-0.3768703127526029,0.1128740427703346,-1.0728117009335771,0,0,0,0.0,0.0
IDN.14.7_1,KotawaringinBarat,KalimantanTengah,Kalimantan,Kotawaringin Barat,Kalimantan Tengah,0.6859909502172961,0.2400795500652003,-0.3315107971034114,0.134614780538687,-1.0167466655372233,0,4,0,0.0,0.699
IDN.14.8_1,KotawaringinTimur,KalimantanTengah,Kalimantan,Kotawaringin Timur,Kalimantan Tengah,0.6675552450774604,0.2104956297726521,-0.2941638783653156,0.1270162780127739,-0.9617421511428356,0,11,0,0.0,1.0792
IDN.14.9_1,Lamandau,KalimantanTengah,Kalimantan,Lamandau,Kalimantan Tengah,0.7473924547859658,0.1787112969546199,-0.3397621403131216,0.1068473202612875,-1.08714373976834,0,2,0,0.0,0.4771
IDN.14.10_1,MurungRaya,KalimantanTengah,Kalimantan,Murungraya,Kalimantan Tengah,0.2251592923621389,0.1863783021160446,-0.4640752890535777,0.1038595940105962,-0.6892348555688957,0,1,0,0.0,0.301
IDN.14.11_1,PalangkaRaya,KalimantanTengah,Kalimantan,Kota Palangkaraya,Kalimantan Tengah,0.7237827424338613,0.1305532302115376,-0.3516604185543753,0.1184277602432438,-1.0754431609882482,1,69,0,0.0,1.8451
IDN.14.12_1,PulangPisau,KalimantanTengah,Kalimantan,Pulangpisau,Kalimantan Tengah,0.7359437818091512,0.1352389744980894,-0.3541009783485524,0.1167874394995856,-1.0900447601576833,0,0,0,0.0,0.0
IDN.14.13_1,Seruyan,KalimantanTengah,Kalimantan,Seruyan,Kalimantan Tengah,0.6608433224034992,0.2249701162677573,-0.2950355425911395,0.1294879099771173,-0.9560114849162734,0,4,0,0.0,0.699
IDN.14.14_1,Sukamara,KalimantanTengah,Kalimantan,Sukamara,Kalimantan Tengah,0.6143747056212776,0.3413212844927224,-0.2760388455985252,0.1908414053233199,-0.888847503595973,0,0,0,0.0,0.0
IDN.34.1_1,Balikpapan,KalimantanTimur,Kalimantan,Kota Balikpapan,Kalimantan Timur,0.4634332447584688,0.2995676149230873,-0.2062990801713896,0.1500737711704431,-0.6696123012433143,0,74,2,0.4771,1.8751
IDN.34.2_1,Berau,KalimantanTimur,Kalimantan,Berau,Kalimantan Timur,0.7018651382685072,0.2810077967796562,-0.3437476119441648,0.1354631750153475,-1.045530301536309,0,21,0,0.0,1.3424
IDN.34.3_1,Bontang,KalimantanTimur,Kalimantan,Kota Bontang,Kalimantan Timur,0.6469529444389016,0.2876242029883536,-0.3141406712328606,0.1418935873386211,-0.9600712383484392,0,16,0,0.0,1.2304
IDN.34.5_1,KutaiBarat,KalimantanTimur,Kalimantan,Kutai Barat,Kalimantan Timur,0.5838729570116153,0.2842557267132975,-0.3205865709927945,0.1168217294766345,-0.9044327810567416,0,5,0,0.0,0.7782
IDN.34.6_1,KutaiKartanegara,KalimantanTimur,Kalimantan,Kutai Kartanegara,Kalimantan Timur,0.6957677419058583,0.2499527794179981,-0.3112508404761007,0.1370862915282164,-1.0069449085033528,0,17,0,0.0,1.2553
IDN.34.7_1,KutaiTimur,KalimantanTimur,Kalimantan,Kutai Timur,Kalimantan Timur,0.7130842248427524,0.2418774114112954,-0.3239824776223267,0.1171327513613296,-1.0370583072533903,0,10,0,0.0,1.0414
IDN.34.10_1,Paser,KalimantanTimur,Kalimantan,Pasir,Kalimantan Timur,0.6894407969991141,0.2175805446022891,-0.2581075910757735,0.1475241757713483,-0.9473910079734834,0,13,0,0.0,1.1461
IDN.34.11_1,PenajamPaserUtara,KalimantanTimur,Kalimantan,Penajam Paser Utara,Kalimantan Timur,0.528983028183301,0.2781812810276968,-0.2851720831093114,0.1271040182306252,-0.8140916022501521,0,14,1,0.301,1.1761
IDN.34.12_1,Samarinda,KalimantanTimur,Kalimantan,Kota Samarinda,Kalimantan Timur,0.5277867059858702,0.3063139754251259,-0.2367316583478717,0.1383064997989482,-0.7644250249036046,0,150,6,0.8451,2.179
IDN.16.1_1,Batam,KepulauanRiau,Sumatra,Kota Batam,Kepulauan-riau,0.4598520410969731,0.3689523013058471,-0.2300323321325074,0.2352790852478181,-0.6908962649573556,0,124,9,1.0,2.0969
IDN.16.3_1,Karimun,KepulauanRiau,Sumatra,Karimun,Kepulauan-riau,0.5769687461253383,0.3902870760080661,-0.2926297336382532,0.1884392151780935,-0.8695139685180393,0,9,0,0.0,1.0
IDN.16.5_1,Lingga,KepulauanRiau,Sumatra,Lingga,Kepulauan-riau,0.6742977570969747,0.3229414148628781,-0.3585286958067487,0.1722797743193713,-1.0342105888489828,0,2,0,0.0,0.4771
IDN.16.6_1,Natuna,KepulauanRiau,Sumatra,Natuna,Kepulauan-riau,0.7025852485808068,0.2574791230203292,-0.3350868493375256,0.2004006041462049,-1.0448622027297068,0,6,0,0.0,0.8451
IDN.16.7_1,Tanjungpinang,KepulauanRiau,Sumatra,Kota Tanjungpinang,Kepulauan-riau,0.3969408539855248,0.3167988746768198,-0.274270329968742,0.1640266014716225,-0.6687925154629201,0,41,2,0.4771,1.6232
IDN.17.1_1,BandarLampung,Lampung,Sumatra,Kota Bandarlampung,Lampung,0.5235402929121601,0.220225350130666,-0.1317551934303914,0.1504126078666099,-0.6553675753302267,0,87,3,0.6021,1.9445
IDN.17.2_1,LampungBarat,Lampung,Sumatra,Lampung Barat,Lampung,0.7321875232888336,0.1911285283170763,-0.3049589279942756,0.1308226857060088,-1.038680719708542,0,1,0,0.0,0.301
IDN.17.3_1,LampungSelatan,Lampung,Sumatra,Lampung Selatan,Lampung,0.5621346064805027,0.2056551300162078,-0.1675520201133195,0.1331465058843902,-0.7311993423373687,0,23,0,0.0,1.3802
IDN.17.4_1,LampungTengah,Lampung,Sumatra,Lampung Tengah,Lampung,0.5803814868368735,0.176090479213806,-0.1647716400033725,0.1294686310017937,-0.7451087329543552,0,13,1,0.301,1.1461
IDN.17.5_1,LampungTimur,Lampung,Sumatra,Lampung Timur,Lampung,0.5713544925910227,0.2015467233187307,-0.1962622387880888,0.1246888337122773,-0.7676240530276998,0,13,0,0.0,1.1461
IDN.17.6_1,LampungUtara,Lampung,Sumatra,Lampung Utara,Lampung,0.7219900528501186,0.1486319987434369,-0.2394110703314236,0.1036347425967298,-0.9614011231815384,0,17,0,0.0,1.2553
IDN.17.8_1,Metro,Lampung,Sumatra,Kota Metro,Lampung,0.4835488424677571,0.0898236368601313,-0.0657136777734964,0.0706553214125804,-0.5492625202412547,0,4,0,0.0,0.699
IDN.17.11_1,Tanggamus,Lampung,Sumatra,Tanggamus,Lampung,0.6750413748355947,0.1760375217965731,-0.2477624811688425,0.1145313147579574,-0.9236377519610652,0,0,0,0.0,0.0
IDN.17.13_1,Tulangbawang,Lampung,Sumatra,Tulangbawang,Lampung,0.6230597576740616,0.205430514759326,-0.2160158354123937,0.1179724938937921,-0.839110318850367,0,3,0,0.0,0.6021
IDN.17.14_1,WayKanan,Lampung,Sumatra,Waykanan,Lampung,0.7618497675126105,0.1269002103302698,-0.2718744004180192,0.0864488455878535,-1.033721651632026,0,5,0,0.0,0.7782
IDN.19.1_1,Ambon,Maluku,Maluku & Papua,Kota Ambon,Maluku,0.3259637836739263,0.3153303522481308,-0.2343223040985321,0.158858556670907,-0.5687679172371601,0,160,12,1.1139,2.2068
IDN.19.4_1,KepulauanAru,Maluku,Maluku & Papua,Kepulauan-aru,Maluku,0.70438455164839,0.2887527594816668,-0.3857395650979583,0.1583058787830758,-1.0908656375733643,0,5,0,0.0,0.7782
IDN.19.6_1,MalukuTengah,Maluku,Maluku & Papua,Maluku Tengah,Maluku,0.6984714598671214,0.2690008663311961,-0.3577593073907928,0.1385304530772414,-1.06053450184622,0,15,0,0.0,1.2041
IDN.19.8_1,MalukuTenggara,Maluku,Maluku & Papua,Maluku Tenggara,Maluku,0.4554086084458784,0.3526500627177524,-0.2303779034487791,0.2301452861653919,-0.7021932538645492,0,12,1,0.301,1.1139
IDN.19.7_1,MalukuTenggaraBarat,Maluku,Maluku & Papua,Maluku Tenggara Barat,Maluku,0.6984422456763452,0.2487657553350501,-0.299051536924111,0.1980007554330393,-1.002453987407019,0,0,0,0.0,0.0
IDN.19.9_1,SeramBagianBarat,Maluku,Maluku & Papua,Seram Bagian Barat,Maluku,0.6930199393475992,0.2986620800480871,-0.3591298161032334,0.1691782553093105,-1.0585080411896284,0,10,0,0.0,1.0414
IDN.19.10_1,SeramBagianTimur,Maluku,Maluku & Papua,Seram Bagian Timur,Maluku,0.6729815823022356,0.2768820552639986,-0.3424346810851137,0.1562602719932857,-1.0174556070227745,0,7,0,0.0,0.9031
IDN.18.1_1,HalmaheraBarat,MalukuUtara,Maluku & Papua,Halmahera Barat,Maluku Utara,0.7774461379792601,0.1764484586131113,-0.3817825336294542,0.131148432614187,-1.1608110602332578,0,6,0,0.0,0.8451
IDN.18.2_1,HalmaheraSelatan,MalukuUtara,Maluku & Papua,Halmahera Selatan,Maluku Utara,0.6297807572543065,0.289331143684114,-0.300707508214979,0.2292729548794137,-0.9478859597375427,0,26,0,0.0,1.4314
IDN.18.3_1,HalmaheraTengah,MalukuUtara,Maluku & Papua,Halmahera Tengah,Maluku Utara,0.701326435405934,0.2384219366126816,-0.3462237177701496,0.1309007091196996,-1.0521097021549886,0,4,1,0.301,0.699
IDN.18.4_1,HalmaheraTimur,MalukuUtara,Maluku & Papua,Halmahera Timur,Maluku Utara,0.588152305976429,0.2926396089129111,-0.3063716689949704,0.1784363573010144,-0.9052574503556212,0,5,0,0.0,0.7782
IDN.18.5_1,HalmaheraUtara,MalukuUtara,Maluku & Papua,Halmahera Utara,Maluku Utara,0.7380381872307464,0.2138900073473237,-0.3593889260345934,0.1232939725549665,-1.099901407411021,0,5,0,0.0,0.7782
IDN.18.6_1,KepulauanSula,MalukuUtara,Maluku & Papua,Kepulauan-sula,Maluku Utara,0.6549776175550565,0.2923978608284917,-0.3696769417115994,0.1420795560286515,-1.028894192179869,0,1,0,0.0,0.301
IDN.18.8_1,Ternate,MalukuUtara,Maluku & Papua,Kota Ternate,Maluku Utara,0.5479701232542584,0.2758244643452697,-0.2133286461310369,0.2650677380582649,-0.7817458552865796,0,76,8,0.9542,1.8865
IDN.20.1_1,Bima,NusaTenggaraBarat,Bali & NT,Bima,Nusatenggara Barat,0.5649301235185925,0.20557531502409135,-0.12270681164020329,0.18149081941193385,-0.6916788730572098,1,54,8,0.9542,1.7404
IDN.20.2_1,Dompu,NusaTenggaraBarat,Bali & NT,Dompu,Nusatenggara Barat,0.6064011932372421,0.1987413430862964,-0.1613206441718916,0.1857780141818259,-0.7705919091773662,0,33,0,0.0,1.5315
IDN.20.4_1,LombokBarat,NusaTenggaraBarat,Bali & NT,Lombok Barat,Nusatenggara Barat,0.6607434693083961,0.2120049847932055,-0.2455543336293001,0.1738591749176405,-0.9138609962564826,0,13,0,0.0,1.1461
IDN.20.5_1,LombokTengah,NusaTenggaraBarat,Bali & NT,Lombok Tengah,Nusatenggara Barat,0.5579439397077555,0.1880858999947593,-0.1461432037270626,0.1537904772944035,-0.7064570522783948,0,44,0,0.0,1.6532
IDN.20.6_1,LombokTimur,NusaTenggaraBarat,Bali & NT,Lombok Timur,Nusatenggara Barat,0.6163221680615687,0.2271186586547963,-0.1844148018806859,0.2089864047495036,-0.8122781384893044,0,32,1,0.301,1.5185
IDN.20.8_1,Mataram,NusaTenggaraBarat,Bali & NT,Kota Mataram,Nusatenggara Barat,0.4386042769372696,0.1457297065148804,-0.0896119230779338,0.1250689196148559,-0.5282162000152031,0,93,8,0.9542,1.9731
IDN.20.10_1,Sumbawa,NusaTenggaraBarat,Bali & NT,Sumbawa,Nusatenggara Barat,0.646394406186317,0.2192856277599427,-0.2267636932413596,0.1788865822477089,-0.8772198493398704,0,5,0,0.0,0.7782
IDN.20.9_1,SumbawaBarat,NusaTenggaraBarat,Bali & NT,Sumbawa Barat,Nusatenggara Barat,0.7345967411944421,0.1842234634827287,-0.2932787029089677,0.1633868729643052,-1.0312966568550304,1,3,0,0.0,0.6021
IDN.21.1_1,Alor,NusaTenggaraTimur,Bali & NT,Alor,Nusatenggara Timur,0.6868242353654046,0.1771119137652277,-0.1995125719025964,0.2096283974381067,-0.898154182485481,0,7,2,0.4771,0.9031
IDN.21.2_1,Belu,NusaTenggaraTimur,Bali & NT,Belu,Nusatenggara Timur,0.5963234183980315,0.1439553001930706,-0.1173838904630162,0.1240965155160584,-0.7137073088610465,0,13,0,0.0,1.1461
IDN.21.3_1,Ende,NusaTenggaraTimur,Bali & NT,Ende,Nusatenggara Timur,0.7232135147134898,0.1607626135008202,-0.2583100142929737,0.1759926399745758,-0.9949740553784676,0,12,0,0.0,1.1139
IDN.21.4_1,FloresTimur,NusaTenggaraTimur,Bali & NT,Flores Timur,Nusatenggara Timur,0.6991047910102449,0.1729172534908172,-0.2167963464726004,0.2383551659700311,-0.9406746723178212,0,10,0,0.0,1.0414
IDN.21.5_1,KotaKupang,NusaTenggaraTimur,Bali & NT,Kupang,Nusatenggara Timur,0.5027144952297598,0.16602477549811495,-0.0784897710359555,0.11103308975739834,-0.5812541855438642,0,113,4,0.699,2.0569
IDN.21.7_1,Lembata,NusaTenggaraTimur,Bali & NT,Lembata,Nusatenggara Timur,0.6358309931298517,0.2077519187410953,-0.1531348778753905,0.2347785633480935,-0.8132479712079537,0,8,0,0.0,0.9542
IDN.21.10_1,Manggarai,NusaTenggaraTimur,Bali & NT,Manggarai,Nusatenggara Timur,0.7688888650194605,0.1306578614312227,-0.2743106859596214,0.1314339979696466,-1.0462102574605214,0,8,3,0.6021,0.9542
IDN.21.8_1,ManggaraiBarat,NusaTenggaraTimur,Bali & NT,Manggarai Barat,Nusatenggara Timur,0.7082260277392027,0.208672354787896,-0.2154078533500469,0.2074168128760301,-0.9283519439607072,0,20,1,0.301,1.3222
IDN.21.12_1,Ngada,NusaTenggaraTimur,Bali & NT,Ngada,Nusatenggara Timur,0.6589178934731645,0.1494265573479436,-0.1709927318220003,0.1722256803708121,-0.8376144176276956,0,3,0,0.0,0.6021
IDN.21.13_1,RoteNdao,NusaTenggaraTimur,Bali & NT,Rotendao,Nusatenggara Timur,0.5657313598495284,0.2212565440237301,-0.0960472719191882,0.1528202091791937,-0.6623993917666661,0,0,0,0.0,0.0
IDN.21.15_1,Sikka,NusaTenggaraTimur,Bali & NT,Sikka,Nusatenggara Timur,0.696006119288399,0.1680500079815173,-0.2277897371936745,0.1993225673332687,-0.9409305615229406,0,44,0,0.0,1.6532
IDN.21.17_1,SumbaBarat,NusaTenggaraTimur,Bali & NT,Sumba Barat,Nusatenggara Timur,0.5917784452113498,0.162463084358318,-0.0772833064998102,0.1709727147306982,-0.6699655095326483,0,1,0,0.0,0.301
IDN.21.19_1,SumbaTimur,NusaTenggaraTimur,Bali & NT,Sumba Timur,Nusatenggara Timur,0.5359051997433294,0.1800820436995087,-0.0322405693660037,0.1956896281808375,-0.5700818505902229,0,5,0,0.0,0.7782
IDN.21.20_1,TimorTengahSelatan,NusaTenggaraTimur,Bali & NT,Timor Tengah Selatan,Nusatenggara Timur,0.6224452125262735,0.1365089294273202,-0.1506803339683243,0.110954075099588,-0.7731255464945973,0,6,0,0.0,0.8451
IDN.21.21_1,TimorTengahUtara,NusaTenggaraTimur,Bali & NT,Timor Tengah Utara,Nusatenggara Timur,0.5927178417000655,0.1316709817953887,-0.1073057334315975,0.1066647481992237,-0.7000243277520111,0,18,1,0.301,1.2788
IDN.23.1_1,Asmat,Papua,Maluku & Papua,Asmat,Papua,0.5488335266889436,0.3230682572538546,-0.3516399686232268,0.1192768260192485,-0.8956582058080635,0,4,0,0.0,0.699
IDN.23.2_1,BiakNumfor,Papua,Maluku & Papua,Biaknumfor,Papua,0.6140330500961396,0.3226358674579522,-0.2928682732286307,0.2319284539759988,-0.9225732467537284,0,16,0,0.0,1.2304
IDN.23.3_1,BovenDigoel,Papua,Maluku & Papua,Bovendigoel,Papua,0.7263369415196177,0.1700084571359916,-0.366821656279309,0.0835067455392661,-1.0931561081845207,0,9,0,0.0,1.0
IDN.23.7_1,Jayapura,Papua,Maluku & Papua,Jayapura,Papua,0.8663245863195618,0.033188481204819,-0.5095550284234839,0.032720398613237,-1.3758796147430457,2,415,49,1.699,2.6191
IDN.23.8_1,Jayawijaya,Papua,Maluku & Papua,Jayawijaya,Papua,0.581102239658139,0.2917074238996432,-0.273574146157191,0.1339945461565063,-0.8560391259236813,0,110,6,0.8451,2.0453
IDN.23.9_1,Keerom,Papua,Maluku & Papua,Keerom,Papua,0.6696075618852226,0.257844575481759,-0.3275265819838217,0.0933740486407114,-0.9971258827507956,0,6,0,0.0,0.8451
IDN.23.15_1,Mappi,Papua,Maluku & Papua,Mappi,Papua,0.7412374146656524,0.1969672041473742,-0.3582234308850308,0.1229187605718395,-1.0994581234328824,0,3,0,0.0,0.6021
IDN.23.16_1,Merauke,Papua,Maluku & Papua,Merauke,Papua,0.6728550711317278,0.196930589678247,-0.2834549020615088,0.1577344763735279,-0.9559571692005808,0,64,3,0.6021,1.8129
IDN.23.17_1,Mimika,Papua,Maluku & Papua,Mimika,Papua,0.730737837310778,0.2615692432772554,-0.3874681788956358,0.1162634062450193,-1.1169279146409654,0,67,8,0.9542,1.8325
IDN.23.18_1,Nabire,Papua,Maluku & Papua,Nabire,Papua,0.7911540449369298,0.2072163466070181,-0.3908301682258483,0.1171064840352478,-1.1844002102416469,0,46,6,0.8451,1.6721
IDN.23.20_1,Paniai,Papua,Maluku & Papua,Paniai,Papua,0.7525029691112978,0.2389368030080301,-0.3687687114439694,0.1043005020424517,-1.121049297953187,0,30,0,0.0,1.4914
IDN.23.21_1,PegununganBintang,Papua,Maluku & Papua,Pegununganbintang,Papua,0.6567008796163724,0.2609963667499999,-0.3265228531179703,0.086837286837085,-0.9832251681056824,0,7,0,0.0,0.9031
IDN.23.22_1,PuncakJaya,Papua,Maluku & Papua,Puncakjaya,Papua,0.6409771157737586,0.2876368693389076,-0.330277100986393,0.125520004903249,-0.9706946699789144,0,3,0,0.0,0.6021
IDN.23.24_1,Sarmi,Papua,Maluku & Papua,Sarmi,Papua,0.7012301331261093,0.2575666439104882,-0.3872419932289028,0.1054388694075087,-1.0888200731992497,0,5,0,0.0,0.7782
IDN.23.26_1,Tolikara,Papua,Maluku & Papua,Tolikara,Papua,0.6699288333239808,0.2873800241616223,-0.324675374547421,0.1262815526946106,-0.9960913838807224,0,5,0,0.0,0.7782
IDN.23.27_1,Waropen,Papua,Maluku & Papua,Waropen,Papua,0.7730291727477684,0.2189453325556294,-0.4143481234670015,0.1067096270861029,-1.187149171435222,0,2,0,0.0,0.4771
IDN.23.28_1,Yahukimo,Papua,Maluku & Papua,Yahukimo,Papua,0.532297422869466,0.3122268725871138,-0.2761776919965325,0.1324649471331075,-0.8080199992369254,1,37,0,0.0,1.5798
IDN.22.1_1,Fakfak,PapuaBarat,Maluku & Papua,Fak-fak,Papua Barat,0.2270176379282585,0.2043687958935205,-0.3486129870334697,0.0692690460822603,-0.5752103827078606,2,13,0,0.0,1.1461
IDN.22.2_1,Kaimana,PapuaBarat,Maluku & Papua,Kaimana,Papua Barat,0.5261746883453183,0.3507507780766168,-0.3673780332648088,0.1036794303098465,-0.8932618978190324,0,8,4,0.699,0.9542
IDN.22.3_1,KotaSorong,PapuaBarat,Maluku & Papua,Kota Sorong,Papua Barat,0.712391749861652,0.2395818096310281,-0.35914150021266245,0.13153270314946314,-1.074327985448451,0,225,14,1.1761,2.3541
IDN.22.4_1,Manokwari,PapuaBarat,Maluku & Papua,Manokwari,Papua Barat,0.6783455036415711,0.2940493886860647,-0.3388562020780848,0.1588406769071105,-1.0306075257409784,0,172,7,0.9031,2.238
IDN.22.6_1,RajaAmpat,PapuaBarat,Maluku & Papua,Rajaampat,Papua Barat,0.568122279612822,0.3297026332304932,-0.3151469209533533,0.2252372765474233,-0.8944871793102084,0,4,0,0.0,0.699
IDN.22.7_1,SorongSelatan,PapuaBarat,Maluku & Papua,Sorong Selatan,Papua Barat,0.7070564125963991,0.2383069945951353,-0.3927291327680279,0.1067851537596432,-1.099494019489616,0,15,0,0.0,1.2041
IDN.22.10_1,TelukBintuni,PapuaBarat,Maluku & Papua,Telukbintuni,Papua Barat,0.679773925339492,0.2911902954592483,-0.3858948340738354,0.1065764546188804,-1.0652410221435835,0,5,0,0.0,0.7782
IDN.22.11_1,TelukWondama,PapuaBarat,Maluku & Papua,Telukwondama,Papua Barat,0.5029301430567998,0.3807831015932497,-0.2557739479335892,0.3198258847098911,-0.8317380436813027,0,2,0,0.0,0.4771
IDN.24.1_1,Bengkalis,Riau,Sumatra,Bengkalis,Riau,0.6199202786078597,0.302429014511699,-0.3299890398850736,0.1649334269820182,-0.9473040848317744,0,4,1,0.301,0.699
IDN.24.2_1,Dumai,Riau,Sumatra,Kota Dumai,Riau,0.6234345837434759,0.2507265632155137,-0.227301898528832,0.1582200311549966,-0.8505006586051568,0,7,1,0.301,0.9031
IDN.24.3_1,IndragiriHilir,Riau,Sumatra,Indragiri Hilir,Riau,0.6724660943514552,0.2186353998898546,-0.3661668396747572,0.1275568259463429,-1.0384047525943243,0,2,0,0.0,0.4771
IDN.24.4_1,IndragiriHulu,Riau,Sumatra,Indragiri Hulu,Riau,0.766828554714889,0.1476225292750067,-0.3491658201691644,0.0948214688693883,-1.1157554873117592,0,3,0,0.0,0.6021
IDN.24.5_1,Kampar,Riau,Sumatra,Kampar,Riau,0.7574009609486138,0.1788879024446961,-0.3415926654110603,0.098964305925911,-1.0989648894237078,0,6,1,0.301,0.8451
IDN.24.7_1,KuantanSingingi,Riau,Sumatra,Kuantan Singingi,Riau,0.7725616076829283,0.150957228627696,-0.3265903293328355,0.10311355037361,-1.0991308236237731,0,1,0,0.0,0.301
IDN.24.8_1,Pekanbaru,Riau,Sumatra,Kota Pekanbaru,Riau,0.588129498179874,0.2250929773320001,-0.2426104551143425,0.129455866666812,-0.830739953294219,0,129,2,0.4771,2.1139
IDN.24.9_1,Pelalawan,Riau,Sumatra,Pelalawan,Riau,0.6480585212549919,0.2218727723108268,-0.313182427114253,0.1312195145564566,-0.9608135801338086,0,4,0,0.0,0.699
IDN.24.10_1,RokanHilir,Riau,Sumatra,Rokanhilir,Riau,0.6991173186001751,0.2199064112932531,-0.3088819923310072,0.137294069857785,-1.0078048931441663,0,1,0,0.0,0.301
IDN.24.11_1,RokanHulu,Riau,Sumatra,Rokanhulu,Riau,0.7625051268320343,0.1788457188186847,-0.3433995387442937,0.0990123243012952,-1.1057553017921502,0,7,0,0.0,0.9031
IDN.24.12_1,Siak,Riau,Sumatra,Siak,Riau,0.6086970910811452,0.2769258199456733,-0.3197108040131812,0.1415270972154564,-0.9267973892020422,0,6,1,0.301,0.8451
IDN.25.1_1,Majene,SulawesiBarat,Sulawesi,Majene,Sulawesi Barat,0.7962214511816639,0.1664926432718818,-0.3600551001955955,0.1361122840620553,-1.1575485518474415,0,43,0,0.0,1.6435
IDN.25.2_1,Mamasa,SulawesiBarat,Sulawesi,Mamasa,Sulawesi Barat,0.8329818985175367,0.082669507886952,-0.3658518360587825,0.0803908692817293,-1.1988334699321777,0,39,2,0.4771,1.6021
IDN.25.4_1,Mamuju,SulawesiBarat,Sulawesi,Mamuju,Sulawesi Barat,0.8285334248223463,0.1175673038415442,-0.3792658057878963,0.0974950177053334,-1.2085370946034302,0,156,3,0.6021,2.1959
IDN.25.3_1,MamujuUtara,SulawesiBarat,Sulawesi,Mamuju Utara,Sulawesi Barat,0.8176623074973116,0.1539245651203648,-0.3781572266106875,0.1169245138178185,-1.197334805527243,1,8,0,0.0,0.9542
IDN.26.1_1,Bantaeng,SulawesiSelatan,Sulawesi,Bantaeng,Sulawesi Selatan,0.578606217303462,0.1871786374879783,-0.171424715324328,0.1215400937487169,-0.7500309326277927,0,18,0,0.0,1.2788
IDN.26.2_1,Barru,SulawesiSelatan,Sulawesi,Barru,Sulawesi Selatan,0.6382357653187116,0.2235866259811506,-0.2124119674495702,0.1880694893790863,-0.8516822756780268,0,4,1,0.301,0.699
IDN.26.3_1,Bone,SulawesiSelatan,Sulawesi,Bone,Sulawesi Selatan,0.5870694158016886,0.1868208965987917,-0.1564894795979082,0.1611471877610224,-0.7435588953995994,0,22,0,0.0,1.3617
IDN.26.4_1,Bulukumba,SulawesiSelatan,Sulawesi,Bulukumba,Sulawesi Selatan,0.6112689828099139,0.177365275166735,-0.181089187520887,0.1258406494815538,-0.792574656000945,0,31,0,0.0,1.5051
IDN.26.5_1,Enrekang,SulawesiSelatan,Sulawesi,Enrekang,Sulawesi Selatan,0.6639393485693091,0.1866542882719337,-0.2412177285770789,0.1206971010698603,-0.9051570771463924,0,22,2,0.4771,1.3617
IDN.26.6_1,Gowa,SulawesiSelatan,Sulawesi,Gowa,Sulawesi Selatan,0.6039783074251089,0.1811518258619001,-0.1840888134294932,0.1559424432800865,-0.7880671208546025,0,37,2,0.4771,1.5798
IDN.26.7_1,Jeneponto,SulawesiSelatan,Sulawesi,Jeneponto,Sulawesi Selatan,0.3714645031316025,0.1594109098139996,-0.0157878370151052,0.1152028808208725,-0.387252340146709,0,28,3,0.6021,1.4624
IDN.26.11_1,Luwu,SulawesiSelatan,Sulawesi,Luwu,Sulawesi Selatan,0.6653527213473934,0.2122149293262188,-0.2696114658727075,0.1179802285451713,-0.9349509221668066,0,14,3,0.6021,1.1761
IDN.26.9_1,LuwuTimur,SulawesiSelatan,Sulawesi,Luwu Timur,Sulawesi Selatan,0.7321918544533201,0.2178179203656416,-0.3355121636792928,0.1046540662191546,-1.067750645834726,0,22,0,0.0,1.3617
IDN.26.10_1,LuwuUtara,SulawesiSelatan,Sulawesi,Luwu Utara,Sulawesi Selatan,0.7591476623404704,0.1791638505083687,-0.3316970787658402,0.1050038877072635,-1.0908414758608298,0,20,0,0.0,1.3222
IDN.26.12_1,Makassar,SulawesiSelatan,Sulawesi,Kota Makasar,Sulawesi Selatan,0.3102803232722678,0.1997524433605536,-0.0191692432128036,0.1543145004467298,-0.329449566485071,1,361,31,1.5051,2.5587
IDN.26.13_1,Maros,SulawesiSelatan,Sulawesi,Maros,Sulawesi Selatan,0.6042274997156443,0.237799454718968,-0.2089983818785535,0.1804665688102922,-0.8132258815942062,0,17,0,0.0,1.2553
IDN.26.14_1,Palopo,SulawesiSelatan,Sulawesi,Kota Palopo,Sulawesi Selatan,0.6444575831049695,0.2765044606408264,-0.2860438225659388,0.1240712493904668,-0.9305014056709084,0,55,0,0.0,1.7482
IDN.26.15_1,PangkajeneDanKepulauan,SulawesiSelatan,Sulawesi,Pangkajene Kepulauan,Sulawesi Selatan,0.5125585575855571,0.2708461317879146,-0.1600664027671279,0.1759540143507775,-0.6726249603526872,0,6,1,0.301,0.8451
IDN.26.16_1,Parepare,SulawesiSelatan,Sulawesi,Kota Pare-pare,Sulawesi Selatan,0.4648465028752599,0.1831166834705835,-0.0587574126232902,0.1245269793392579,-0.5236039154985508,0,28,1,0.301,1.4624
IDN.26.17_1,Pinrang,SulawesiSelatan,Sulawesi,Pinrang,Sulawesi Selatan,0.6138975165220925,0.2191960425129902,-0.2117265147571055,0.1558370892533464,-0.826715082719486,0,24,0,0.0,1.3979
IDN.26.18_1,SidenrengRappang,SulawesiSelatan,Sulawesi,Sidenrengrappang,Sulawesi Selatan,0.5267046376466524,0.2726266086115922,-0.2284009931255989,0.1904396309269475,-0.755098470943405,0,10,0,0.0,1.0414
IDN.26.19_1,Sinjai,SulawesiSelatan,Sulawesi,Sinjai,Sulawesi Selatan,0.6473188960763737,0.1684486886109396,-0.2328116575850369,0.1248427354715778,-0.8804998026231947,0,38,2,0.4771,1.5911
IDN.26.20_1,Soppeng,SulawesiSelatan,Sulawesi,Soppeng,Sulawesi Selatan,0.6269719349072959,0.185067628339911,-0.1964719947435013,0.1601506185707945,-0.8234439296507993,0,2,0,0.0,0.4771
IDN.26.21_1,Takalar,SulawesiSelatan,Sulawesi,Takalar,Sulawesi Selatan,0.409180824081199,0.2554036533090122,-0.0623779965291379,0.1854359994891861,-0.4716817990441972,0,18,1,0.301,1.2788
IDN.26.22_1,TanaToraja,SulawesiSelatan,Sulawesi,Tanatoraja,Sulawesi Selatan,0.709042288416752,0.1353142768507842,-0.259729415799547,0.1153307994469471,-0.9687717042163044,0,25,0,0.0,1.415
IDN.26.24_1,Wajo,SulawesiSelatan,Sulawesi,Wajo,Sulawesi Selatan,0.5431366640129915,0.1966757547881877,-0.1531744240954536,0.1444421833476198,-0.6963110881084457,0,25,1,0.301,1.415
IDN.27.2_1,Banggai,SulawesiTengah,Sulawesi,Banggai,Sulawesi Tengah,0.6478019023204089,0.2838708297670954,-0.3324595390048373,0.1458001915187209,-0.9873960068055364,0,41,2,0.4771,1.6232
IDN.27.1_1,BanggaiKepulauan,SulawesiTengah,Sulawesi,Banggai Kepulauan,Sulawesi Tengah,0.1884940860257719,0.2223722307492705,-0.4147563183814276,0.1317293935130887,-0.604178171217141,0,0,0,0.0,0.0
IDN.27.3_1,Buol,SulawesiTengah,Sulawesi,Buol,Sulawesi Tengah,0.7985619127935453,0.1705474658083787,-0.3947314701655094,0.1086358705299234,-1.1939715146804526,0,4,0,0.0,0.699
IDN.27.4_1,Donggala,SulawesiTengah,Sulawesi,Donggala,Sulawesi Tengah,0.7862374299696453,0.1803892798532463,-0.3745962624215286,0.1071294121661939,-1.1615232202709596,0,4,0,0.0,0.699
IDN.27.5_1,Morowali,SulawesiTengah,Sulawesi,Morowali,Sulawesi Tengah,0.7145976224148791,0.2381303434043593,-0.3227611811743928,0.1306680251341543,-1.0375327194523685,0,15,0,0.0,1.2041
IDN.27.6_1,Palu,SulawesiTengah,Sulawesi,Kota Palu,Sulawesi Tengah,0.6650296651440162,0.2197504710063754,-0.2440797244839433,0.1740847170837933,-0.9091152791455906,0,123,1,0.301,2.0934
IDN.27.7_1,ParigiMoutong,SulawesiTengah,Sulawesi,Parigimoutong,Sulawesi Tengah,0.6175394131186559,0.2780478821092453,-0.3148973197523245,0.1195796457147955,-0.933862383677571,1,3,0,0.0,0.6021
IDN.27.8_1,Poso,SulawesiTengah,Sulawesi,Poso,Sulawesi Tengah,0.7607826501648697,0.1875728736075012,-0.3098849692189384,0.2086734922077837,-1.0894119898791013,0,8,0,0.0,0.9542
IDN.27.10_1,TojoUna-Una,SulawesiTengah,Sulawesi,Tojounauna,Sulawesi Tengah,0.7608553916876719,0.2056229366629892,-0.3275064323413637,0.1888406402298857,-1.098498716114935,0,3,0,0.0,0.6021
IDN.27.11_1,Toli-Toli,SulawesiTengah,Sulawesi,Toli-toli,Sulawesi Tengah,0.7582988889750846,0.2253425066585855,-0.3531880373404156,0.163655060045696,-1.123001030435509,0,2,0,0.0,0.4771
IDN.28.1_1,Bau-Bau,SulawesiTenggara,Sulawesi,Kota Bau-bau,Sulawesi Tenggara,0.7113857660570275,0.1651587316936457,-0.2758353718802238,0.1462545112148489,-0.9881857335098198,0,19,0,0.0,1.301
IDN.28.2_1,Bombana,SulawesiTenggara,Sulawesi,Bombana,Sulawesi Tenggara,0.6963214887133484,0.2076957173664371,-0.2564151232487163,0.1791073032831946,-0.9529390952644696,0,1,0,0.0,0.301
IDN.28.4_1,Buton,SulawesiTenggara,Sulawesi,Buton,Sulawesi Tenggara,0.6431976344807292,0.2314675556615676,-0.2513093279699787,0.1638233423328869,-0.8970013718447576,0,3,0,0.0,0.6021
IDN.28.5_1,Kendari,SulawesiTenggara,Sulawesi,Kendari,Sulawesi Tenggara,0.4787601816193184,0.279231081138548,-0.24024513580660217,0.1263283455526318,-0.7196071093642575,1,147,11,1.0792,2.1703
IDN.28.7_1,Kolaka,SulawesiTenggara,Sulawesi,Kolaka,Sulawesi Tenggara,0.6637021180816112,0.249883959493677,-0.2952793928564818,0.1269565983596582,-0.9598309085602268,0,1,0,0.0,0.301
IDN.28.6_1,KolakaUtara,SulawesiTenggara,Sulawesi,Kolaka Utara,Sulawesi Tenggara,0.4258062758554178,0.3194115999172669,-0.2367527930852089,0.1153722649819231,-0.6627006263969765,0,2,0,0.0,0.4771
IDN.28.8_1,KonaweSelatan,SulawesiTenggara,Sulawesi,Konawe Selatan,Sulawesi Tenggara,0.539459567728533,0.262940821518483,-0.2355360768948642,0.1242632787978608,-0.7755306104272217,0,12,1,0.301,1.1139
IDN.28.11_1,Muna,SulawesiTenggara,Sulawesi,Muna,Sulawesi Tenggara,0.6113168137727585,0.257954619942856,-0.2568837822199885,0.146069636080063,-0.8694534351660037,0,13,1,0.301,1.1461
IDN.28.12_1,Wakatobi,SulawesiTenggara,Sulawesi,Wakatobi,Sulawesi Tenggara,0.6213227170937051,0.3231885024655797,-0.2112156180494712,0.2485771476386883,-0.840360765284186,0,6,1,0.301,0.8451
IDN.29.1_1,Bitung,SulawesiUtara,Sulawesi,Kota Bitung,Sulawesi Utara,0.7156839734666816,0.2000659915029338,-0.3111742211357557,0.1766611592622183,-1.0377602621998785,0,14,0,0.0,1.1761
IDN.29.5_1,BolaangMongondow,SulawesiUtara,Sulawesi,Bolaangmongondow,Sulawesi Utara,0.6290050502634109,0.3094626854251971,-0.3260916438936473,0.1426367835087418,-0.9579287630224216,0,5,0,0.0,0.7782
IDN.29.6_1,KepulauanSangihe,SulawesiUtara,Sulawesi,Kepulauan-sangihe,Sulawesi Utara,0.7081454498657632,0.2647172282807201,-0.3146338359352447,0.2923122659981551,-1.0679025139458411,0,7,0,0.0,0.9031
IDN.29.7_1,KepulauanTalaud,SulawesiUtara,Sulawesi,Kepulauan-talaud,Sulawesi Utara,0.7621047905294379,0.2081192148551194,-0.3711372550506629,0.2151121640805132,-1.1405423472327725,0,1,0,0.0,0.301
IDN.29.9_1,Manado,SulawesiUtara,Sulawesi,Kota Manado,Sulawesi Utara,0.6343671666888621,0.2476920751652466,-0.2255885729293342,0.1906808847272177,-0.8620834291961031,0,84,3,0.6021,1.9294
IDN.29.13_1,Minahasa,SulawesiUtara,Sulawesi,Minahasa,Sulawesi Utara,0.6855015884948946,0.2151398184414437,-0.3167933838697185,0.1364120501300479,-1.0029205936733627,0,6,2,0.4771,0.8451
IDN.29.10_1,MinahasaSelatan,SulawesiUtara,Sulawesi,Minahasa Selatan,Sulawesi Utara,0.765407215596834,0.1753355270616871,-0.3800223851817279,0.115357721615272,-1.1467512522350636,0,4,0,0.0,0.699
IDN.29.12_1,MinahasaUtara,SulawesiUtara,Sulawesi,Minahasa Utara,Sulawesi Utara,0.7489923955841085,0.1874778221050603,-0.3339237569545065,0.1446371152030533,-1.0864244512498296,0,6,0,0.0,0.8451
IDN.29.15_1,Tomohon,SulawesiUtara,Sulawesi,Kota Tomohon,Sulawesi Utara,0.6972361597507809,0.1627161120573386,-0.3198246545706775,0.118856846593899,-1.0170608143214594,0,5,0,0.0,0.7782
IDN.30.1_1,Agam,SumateraBarat,Sumatra,Agam,Sumatera Barat,0.7598077436040812,0.1982991604341289,-0.3462869309211069,0.131856486032044,-1.1075573565562205,0,7,0,0.0,0.9031
IDN.30.2_1,Bukittinggi,SumateraBarat,Sumatra,Kota Bukitinggi,Sumatera Barat,0.5748427458763525,0.194063450213652,-0.1852440431596578,0.1526243060689227,-0.7600867890360108,0,24,0,0.0,1.3979
IDN.30.4_1,Dharmasraya,SumateraBarat,Sumatra,Dharmasraya,Sumatera Barat,0.7129000647542891,0.1951382985700757,-0.3020046787786949,0.0903156326762295,-1.0149008165888416,0,2,0,0.0,0.4771
IDN.30.5_1,KepulauanMentawai,SumateraBarat,Sumatra,Kepulauan Mentawai,Sumatera Barat,0.7144621411437226,0.2540423539250981,-0.3861885040766894,0.1841859936622606,-1.1127523567018611,0,0,0,0.0,0.0
IDN.30.6_1,KotaSolok,SumateraBarat,Sumatra,Solok,Sumatera Barat,0.6933761531735185,0.16310680355878754,-0.312032077487317,0.0950273346237719,-1.0054103095580549,0,7,0,0.0,0.9031
IDN.30.7_1,LimaPuluhKota,SumateraBarat,Sumatra,Limapuluhkoto,Sumatera Barat,0.8070819921124938,0.1081354655470621,-0.3679359191903447,0.0740729666618767,-1.1750175057947816,0,1,0,0.0,0.301
IDN.30.10_1,Padang,SumateraBarat,Sumatra,Kota Padang,Sumatera Barat,0.7454830741268696,0.2189068601705968,-0.3319704356850932,0.1535973977212921,-1.0786088956682036,0,117,2,0.4771,2.0719
IDN.30.8_1,PadangPanjang,SumateraBarat,Sumatra,Kota Padangpanjang,Sumatera Barat,0.7251709848811565,0.1535293531161416,-0.3131662505595348,0.1231536517344584,-1.0383372354406908,0,3,0,0.0,0.6021
IDN.30.9_1,PadangPariaman,SumateraBarat,Sumatra,Padangpariaman,Sumatera Barat,0.777259836441979,0.1446205600055148,-0.3662891129819273,0.090503170244172,-1.1435735217524918,0,5,0,0.0,0.7782
IDN.30.11_1,Pariaman,SumateraBarat,Sumatra,Kota Pariaman,Sumatera Barat,0.6635373268946668,0.2254060899407369,-0.3099183373874029,0.1215154737855187,-0.9734556642820688,0,1,0,0.0,0.301
IDN.30.13_1,Pasaman,SumateraBarat,Sumatra,Kota Pasaman,Sumatera Barat,0.796579227088354,0.13509461683027,-0.3749958001263261,0.0783933433825085,-1.1715738435935976,0,1,0,0.0,0.301
IDN.30.12_1,PasamanBarat,SumateraBarat,Sumatra,Kota Pasaman Barat,Sumatera Barat,0.7694224300558381,0.1927632433669274,-0.3608340762514646,0.0953032420046228,-1.130252456747251,0,18,2,0.4771,1.2788
IDN.30.14_1,Payakumbuh,SumateraBarat,Sumatra,Kota Payakumbuh,Sumatera Barat,0.6625492402006996,0.1146308033428689,-0.2688888155874774,0.0909743849054191,-0.9314380557881756,0,0,0,0.0,0.0
IDN.30.15_1,PesisirSelatan,SumateraBarat,Sumatra,Pesisir Selatan,Sumatera Barat,0.8170100492838592,0.1810473535479369,-0.3780868484260001,0.1204492182647648,-1.1967161674368063,0,6,0,0.0,0.8451
IDN.30.16_1,Sawahlunto,SumateraBarat,Sumatra,Kota Sawahlunto,Sumatera Barat,0.767301789846149,0.1244141936865644,-0.3248263164927087,0.0832426683475016,-1.0921281063388557,0,1,0,0.0,0.301
IDN.30.18_1,SolokSelatan,SumateraBarat,Sumatra,Solok Selatan,Sumatera Barat,0.7635020737826964,0.163803823553869,-0.3545987827399675,0.0822677959167391,-1.1181005564061397,0,4,0,0.0,0.699
IDN.30.20_1,TanahDatar,SumateraBarat,Sumatra,Tanahdatar,Sumatera Barat,0.7302161512095495,0.2061254418761726,-0.3302057734296164,0.1413032266534655,-1.0626003366993422,0,1,0,0.0,0.301
IDN.31.1_1,BanyuAsin,SumateraSelatan,Sumatra,Banyuasin,Sumatera Selatan,0.6781023310805487,0.2007693485565971,-0.2619787857622417,0.2032383102078271,-0.9400769303681004,0,4,0,0.0,0.699
IDN.31.3_1,Lahat,SumateraSelatan,Sumatra,Lahat,Sumatera Selatan,0.7549030534040831,0.157541216810095,-0.3080227656416373,0.0935863129245552,-1.0629192096919748,0,13,0,0.0,1.1461
IDN.31.4_1,Lubuklinggau,SumateraSelatan,Sumatra,Kota Lubuklinggau,Sumatera Selatan,0.7343054463345209,0.1743319634421438,-0.3091238225620201,0.1013976063961867,-1.0431722027404695,0,12,0,0.0,1.1139
IDN.31.5_1,MuaraEnim,SumateraSelatan,Sumatra,Muaraenim,Sumatera Selatan,0.7652835014364595,0.1150287003692829,-0.2771014895916301,0.1118134170248317,-1.0423849910280896,0,10,0,0.0,1.0414
IDN.31.6_1,MusiBanyuasin,SumateraSelatan,Sumatra,Musibanyuasin,Sumatera Selatan,0.7619750898756947,0.1458656081830167,-0.3070108573690752,0.1135541482608603,-1.0689881516898172,0,7,0,0.0,0.9031
IDN.31.7_1,MusiRawas,SumateraSelatan,Sumatra,Musirawas,Sumatera Selatan,0.7655760252166635,0.171300919568516,-0.3252372953279937,0.1038543846069554,-1.0906836130930844,0,5,0,0.0,0.7782
IDN.31.8_1,OganIlir,SumateraSelatan,Sumatra,Ogan Ilir,Sumatera Selatan,0.6563539976949605,0.1591521776800723,-0.1758651861311279,0.1470523291579669,-0.8322125695592852,0,10,0,0.0,1.0414
IDN.31.9_1,OganKomeringIlir,SumateraSelatan,Sumatra,Ogan Komering Ilir,Sumatera Selatan,0.6727318586953012,0.2051847496248563,-0.2810762379014044,0.1604738003739852,-0.9537272163167628,0,5,0,0.0,0.7782
IDN.31.12_1,OganKomeringUlu,SumateraSelatan,Sumatra,Ogan Komering Ulu,Sumatera Selatan,0.782556413571876,0.1144379038265667,-0.2983783346058045,0.0881666333374213,-1.0809347481776783,0,14,0,0.0,1.1761
IDN.31.10_1,OganKomeringUluSelatan,SumateraSelatan,Sumatra,Ogan Komering Ulu Selatan,Sumatera Selatan,0.7577129628442454,0.1629007683009875,-0.2972363677633055,0.1424041541411205,-1.0574602877603414,0,0,0,0.0,0.0
IDN.31.11_1,OganKomeringUluTimur,SumateraSelatan,Sumatra,Ogan Komering Ulu Timur,Sumatera Selatan,0.6774858606556359,0.1540252741610269,-0.2380872828001126,0.0905915250889703,-0.9155731434557508,0,5,0,0.0,0.7782
IDN.31.13_1,PagarAlam,SumateraSelatan,Sumatra,Kota Pagaralam,Sumatera Selatan,0.7605294976632,0.1463967728312798,-0.3049906464551878,0.0853049574447216,-1.0655085557991852,0,3,0,0.0,0.6021
IDN.31.14_1,Palembang,SumateraSelatan,Sumatra,Kota Palembang,Sumatera Selatan,0.463829376365,0.221684833059807,-0.0808401150236652,0.1412002022652844,-0.5446729118326201,0,120,3,0.6021,2.0828
IDN.31.15_1,Prabumulih,SumateraSelatan,Sumatra,Kota Prabumulih,Sumatera Selatan,0.770525113385165,0.10621440182794,-0.2747930067541098,0.0884972361202654,-1.0453181201392752,0,5,0,0.0,0.7782
IDN.32.1_1,Asahan,SumateraUtara,Sumatra,Asahan,Sumatera Utara,0.7997396123250842,0.1455664240604686,-0.3812816734724315,0.0816010292089016,-1.1810201161281897,0,52,1,0.301,1.7243
IDN.32.6_1,HumbangHasundutan,SumateraUtara,Sumatra,Humbang Hasundutan,Sumatera Utara,0.6043675911302624,0.1794472538778136,-0.338960720535763,0.0692022984557344,-0.942922151368667,0,0,0,0.0,0.0
IDN.32.10_1,KotaTanjungbalai,SumateraUtara,Sumatra,Kota Tanjungbalai,Sumatera Utara,0.7736760481922723,0.1848974199780793,-0.3577786242464191,0.1097621694575222,-1.1314546724386922,0,8,1,0.301,0.9542
IDN.32.13_1,Labuhanbatu,SumateraUtara,Sumatra,Labuhanbatu,Sumatera Utara,0.8133267552851177,0.1284828197726037,-0.3637936467773884,0.0898162261472872,-1.1771130868712114,0,8,2,0.4771,0.9542
IDN.32.16_1,MandailingNatal,SumateraUtara,Sumatra,Mandailingnatal,Sumatera Utara,0.7202755530803563,0.2255524720305642,-0.360532187026917,0.091494671700133,-1.080649146786855,0,17,0,0.0,1.2553
IDN.32.20_1,Nias,SumateraUtara,Sumatra,Nias,Sumatera Utara,0.619142149181705,0.264632096358542,-0.3372453185426162,0.1145119936719167,-0.9584423757398272,0,0,0,0.0,0.0
IDN.32.18_1,NiasSelatan,SumateraUtara,Sumatra,Nias Selatan,Sumatera Utara,0.662472114177965,0.3140352066272919,-0.3189692448288967,0.2505471509778724,-1.0102672424221113,0,0,1,0.301,0.0
IDN.32.23_1,Padangsidimpuan,SumateraUtara,Sumatra,Kota Padangsidempuan,Sumatera Utara,0.653778884226784,0.2277427151033692,-0.3086593880312783,0.0928383283292431,-0.9624305799281702,0,10,0,0.0,1.0414
IDN.32.24_1,PakpakBarat,SumateraUtara,Sumatra,Pakpakbharat,Sumatera Utara,0.6773107115409962,0.1959831995435859,-0.3688512253754029,0.0775450229420884,-1.046161936916399,0,0,0,0.0,0.0
IDN.32.25_1,Pematangsiantar,SumateraUtara,Sumatra,Kota Pematang Siantar,Sumatera Utara,0.402120776187044,0.0792567267297929,-0.2412684089799583,0.061829015502343,-0.6433891851670025,0,21,2,0.4771,1.3424
IDN.32.26_1,Samosir,SumateraUtara,Sumatra,Samosir,Sumatera Utara,0.7387668831769373,0.1258292271695838,-0.3073382335097839,0.0850614806947103,-1.046105275020792,0,3,0,0.0,0.6021
IDN.32.27_1,SerdangBedagai,SumateraUtara,Sumatra,Serdang Bedagai,Sumatera Utara,0.6996634432192074,0.2007412387014835,-0.3578530772706842,0.0871992277149293,-1.0575165204898898,0,8,0,0.0,0.9542
IDN.32.28_1,Sibolga,SumateraUtara,Sumatra,Kota Sibolga,Sumatera Utara,0.6927840257374734,0.1943127389690949,-0.3147867878319966,0.131017844312422,-1.0075708135694694,0,3,0,0.0,0.6021
IDN.32.29_1,Simalungun,SumateraUtara,Sumatra,Simalungun,Sumatera Utara,0.7692240841743717,0.1287633330756966,-0.3701092509698722,0.0726519576789803,-1.1393306526168132,0,14,1,0.301,1.1761
IDN.32.30_1,TapanuliSelatan,SumateraUtara,Sumatra,Tapanuli Selatan,Sumatera Utara,0.7389477006420683,0.1923404998767997,-0.3392972271356388,0.0883243910624321,-1.078263876970254,0,5,0,0.0,0.7782
IDN.32.31_1,TapanuliTengah,SumateraUtara,Sumatra,Tapanuli Tengah,Sumatera Utara,0.6933678695585676,0.210281166408886,-0.3391162598370607,0.0952345897961809,-1.0326944724666594,0,4,0,0.0,0.699
IDN.32.32_1,TapanuliUtara,SumateraUtara,Sumatra,Tapanuli Utara,Sumatera Utara,0.6515093943653734,0.2071420506084917,-0.3181534701714451,0.0904923207459745,-0.9695806235971536,0,10,0,0.0,1.0414
IDN.32.33_1,Tebingtinggi,SumateraUtara,Sumatra,Kota Tebingtinggi,Sumatera Utara,0.7909048286671804,0.1243614259663855,-0.343114805823279,0.0946511244056568,-1.134019634490464,0,2,0,0.0,0.4771
IDN.32.34_1,TobaSamosir,SumateraUtara,Sumatra,Toba Samosir,Sumatera Utara,0.7152488652139568,0.2296672859599909,-0.3323860836695292,0.1049631799354429,-1.0499362211392578,0,14,0,0.0,1.1761
IDN.33.1_1,Bantul,Yogyakarta,Java,Bantul,Daerah Istimewa Yogyakarta,0.6174502625148596,0.1109818262089448,-0.179172832358693,0.0968338351174757,-0.7966230948735503,0,20,1,0.301,1.3222
IDN.33.2_1,GunungKidul,Yogyakarta,Java,Gunungkidul,Daerah Istimewa Yogyakarta,0.5839289672342507,0.102636192939083,-0.0933852285347378,0.092558194881985,-0.6774616252576362,0,8,0,0.0,0.9542
IDN.33.3_1,KotaYogyakarta,Yogyakarta,Java,Kota Yogyakarta,Daerah Istimewa Yogyakarta,0.341282373254895,0.0787858276754992,0.0513617349662541,0.0730501894023977,-0.2899206382886406,0,188,3,0.6021,2.2765
IDN.33.4_1,KulonProgo,Yogyakarta,Java,Kulonprogo,Daerah Istimewa Yogyakarta,0.6595117273554663,0.1401531884372783,-0.2366434100813542,0.1021019269042729,-0.8961551374368225,0,14,0,0.0,1.1761
IDN.33.5_1,Sleman,Yogyakarta,Java,Sleman,Daerah Istimewa Yogyakarta,0.6071218091804724,0.1270394148347618,-0.1864803857414002,0.1048723555140523,-0.7936021949218758,0,55,1,0.301,1.7482
