ADM1_NAME,ADM2_NAME,ADM2_CODE,NDVI_mean,NDVI_stdDev,NDBI_mean,NDBI_stdDev,urban_gradient_mean
Nangroe Aceh Darussalam,Bireuen,73657,0.7242071780084678,0.2506412870790832,-0.34595851392903376,0.11172219892260993,-1.0705303827562596
Nangroe Aceh Darussalam,Simeulue,73850,0.7249939548705242,0.25642118699454347,-0.37334459784639495,0.1702894575530744,-1.104498890640113
Jambi,Batanghari,73647,0.7190607868957273,0.1663196203123694,-0.30334636242677726,0.1003794775053421,-1.022407149322496
Jambi,Bungo,73663,0.7689259686533824,0.14659110645052026,-0.3194827775541439,0.07818039797013623,-1.0884059902637828
Jambi,Merangin,73795,0.7502758382243169,0.17514970423832027,-0.3375577043698972,0.07647524528945687,-1.0877963039924494
Jambi,Muarojambi,73803,0.6881922838246612,0.18503966662735963,-0.31480386139509586,0.11707510524746038,-1.0029961452197511
Jambi,Sarolangun,73841,0.772742118950303,0.11271820552250969,-0.3282210717362284,0.09436434740737157,-1.1009560430768335
Jambi,Tanjungjabung Barat,73862,0.7257651676248292,0.13871111216234405,-0.33400910400396383,0.11735458000382676,-1.0597742716288143
Jambi,Tanjungjabung Timur,73863,0.6872260577306882,0.18083598889947056,-0.3444745481455733,0.10961727093851328,-1.03165742808584
Jambi,Tebo,73868,0.7001781345817777,0.18242850430265006,-0.28449264448487077,0.08915529111449093,-0.9846647842543339
Kalimantan Barat,Landak,73773,0.7877457633706143,0.120609739340767,-0.3405297708089414,0.08569393771874939,-1.1282703876466764
Kalimantan Barat,Pontianak,73829,0.7452365295810619,0.19178405544559943,-0.37388082184453547,0.12942775536991213,-1.1191169964056231
Kalimantan Timur,Bulungan,73662,0.7102362015477001,0.30913297919445554,-0.37455219337014106,0.13255594220012504,-1.084996498878909
Kalimantan Timur,Kota Bontang,73715,0.6469529444389016,0.2876242029883536,-0.31414067123286066,0.14189358733862112,-0.9600712383484392
Kalimantan Timur,Kutai Barat,73766,0.5838729570116153,0.2842557267132975,-0.3205865709927945,0.11682172947663451,-0.9044327810567415
Kalimantan Timur,Kutai Kartanegara,73767,0.6957677419058583,0.2499527794179981,-0.3112508404761007,0.1370862915282164,-1.0069449085033528
Kalimantan Timur,Kutai Timur,73768,0.7130842248427524,0.24187741141129548,-0.3239824776223267,0.1171327513613296,-1.0370583072533905
Kalimantan Timur,Malinau,73793,0.7688202761269447,0.16750938123805262,-0.38966830196705743,0.07169310852498387,-1.1584542591273286
Kalimantan Timur,Nunukan,73813,0.45706800146510335,0.352623317696062,-0.32886907713929076,0.1749909212209779,-0.7859244774875828
Nusatenggara Timur,Flores Timur,73673,0.6991047910102449,0.1729172534908172,-0.21679634647260046,0.23835516597003115,-0.9406746723178213
Nusatenggara Timur,Lembata,73775,0.6358309931298517,0.20775191874109536,-0.15313487787539054,0.23477856334809358,-0.8132479712079537
Sulawesi Tengah,Banggai Kepulauan,73637,0.18849408602577192,0.2223722307492705,-0.4147563183814276,0.13172939351308877,-0.604178171217141
Sulawesi Tengah,Banggai,73638,0.6478019023204089,0.2838708297670954,-0.3324595390048373,0.14580019151872095,-0.9873960068055364
Sulawesi Tengah,Buol,73664,0.7985619127935453,0.1705474658083787,-0.3947314701655094,0.10863587052992345,-1.1939715146804526
Sulawesi Tengah,Morowali,73801,0.7145976224148791,0.23813034340435932,-0.32276118117439284,0.13066802513415435,-1.0375327194523685
Sulawesi Tengah,Toli-toli,73873,0.7582988889750846,0.22534250665858552,-0.35318803734041565,0.16365506004569602,-1.123001030435509
Sumatera Barat,Kepulauan Mentawai,73696,0.7144621411437226,0.25404235392509816,-0.3861885040766894,0.1841859936622606,-1.1127523567018613
Papua Barat,Kota Sorong,73751,0.6783867745401964,0.23739087492923772,-0.3298773461645907,0.14679364365698142,-1.012734858361389
Kepulauan-riau,Karimun,73690,0.5769687461253383,0.3902870760080661,-0.2926297336382532,0.18843921517809353,-0.8695139685180393
Kepulauan-riau,Natuna,73810,0.7025852485808068,0.25747912302032927,-0.3350868493375256,0.20040060414620495,-1.0448622027297068
Maluku,Maluku Tenggara Barat,73782,0.6984422456763452,0.2487657553350501,-0.299051536924111,0.19800075543303933,-1.002453987407019
Maluku Utara,Buru,73665,0.7522632962249012,0.22125697026066118,-0.3296713083251549,0.13166222077882897,-1.084066501425635
Riau,Bengkalis,73651,0.6199202786078597,0.302429014511699,-0.3299890398850736,0.16493342698201824,-0.9473040848317744
Riau,Indragiri Hulu,73684,0.766828554714889,0.1476225292750067,-0.3491658201691644,0.0948214688693883,-1.1157554873117592
Riau,Kampar,73688,0.7574009609486138,0.17888790244469618,-0.3415926654110603,0.09896430592591106,-1.0989648894237078
Riau,Kuantan Singingi,73764,0.7725616076829283,0.15095722862769603,-0.3265903293328355,0.10311355037361009,-1.0991308236237733
Riau,Pelalawan,73825,0.6480585212549919,0.22187277231082683,-0.31318242711425304,0.13121951455645664,-0.9608135801338086
Riau,Rokanhilir,73835,0.6991173186001751,0.21990641129325317,-0.30888199233100727,0.13729406985778503,-1.0078048931441665
Riau,Rokanhulu,73836,0.7625051268320343,0.17884571881868475,-0.34339953874429374,0.09901232430129525,-1.1057553017921502
Riau,Siak,73849,0.6086970910811452,0.27692581994567333,-0.31971080401318125,0.14152709721545642,-0.9267973892020422
Nangroe Aceh Darussalam,Aceh Barat Daya,73623,0.75096117020427,0.2363936545164906,-0.3621299627386611,0.10926138692773849,-1.1130982424273665
Nangroe Aceh Darussalam,Aceh Barat,73624,0.7922220705351056,0.19470054706938467,-0.37174967523433644,0.10518579611195164,-1.1639539022607286
Nangroe Aceh Darussalam,Aceh Jaya,73625,0.8144311747427622,0.20826112534438257,-0.397712285050132,0.1139612501827939,-1.212767884540249
Nangroe Aceh Darussalam,Aceh Selatan,73626,0.6886401359884982,0.26976843423430835,-0.35984883106407023,0.11874641897577333,-1.0484986796706701
Nangroe Aceh Darussalam,Aceh Tamiang,73628,0.8427703454122558,0.1480247955610495,-0.3979565520133636,0.07838472766908004,-1.2406305164731906
Nangroe Aceh Darussalam,Aceh Tenggara,73630,0.5124750257590129,0.3268961141234447,-0.30466509624674304,0.1058912239135626,-0.8169198362358996
Nangroe Aceh Darussalam,Aceh Timur,73631,0.738845304803127,0.2632764306281718,-0.3632366437445424,0.10833918275477594,-1.1014340309930208
Nangroe Aceh Darussalam,Aceh Utara,73632,0.7001500152266503,0.23546280022077565,-0.34565314861780094,0.10145578238268299,-1.0455410154267157
Nangroe Aceh Darussalam,Gayolues,73674,0.7083345115811447,0.2751658738059324,-0.34655143468745914,0.11206524170725086,-1.0547408024739982
Nangroe Aceh Darussalam,Kota Langsa,73732,0.774307584140704,0.20805365343407167,-0.3591193199152373,0.10998634385229353,-1.1313607374020327
Nangroe Aceh Darussalam,Kota Lhokseumawe,73733,0.6965472731241246,0.21008113913932122,-0.3020663426473209,0.13189664283563246,-0.9987710604602877
Nangroe Aceh Darussalam,Naganraya,73809,0.7003983480692016,0.27764850567105187,-0.3428307300652913,0.11420867068220887,-1.0419137935516167
Dki Jakarta,Kota Jakarta Utara,73726,0.24257907557670016,0.14011234735201625,-0.01721557559202057,0.12208278831103904,-0.2597946511687201
Jawa Timur,Kota Batu,73709,0.6916257853996955,0.1378024628905002,-0.24490763767456755,0.10915413310476359,-0.9365334230742639
Jawa Timur,Malang,73780,0.6350106646618812,0.14848087919061853,-0.21141002256356783,0.11187663632984042,-0.8466386481407372
Kalimantan Barat,Bengkayang,73652,0.7712247053775265,0.14948448693891103,-0.33888286896460074,0.09437448040610527,-1.1101491028622172
Kalimantan Barat,Kota Singkawang,73750,0.6953046314548142,0.22986663676980768,-0.31088194370903266,0.13001636964371377,-1.0062237338038431
Kalimantan Tengah,Barito Selatan,73644,0.5599641623588881,0.22166661493246992,-0.27565196145119936,0.13152027689526152,-0.8356161238100827
Kalimantan Tengah,Barito Timur,73645,0.6963989914334116,0.1331845481294795,-0.2533766316731717,0.11319084453468134,-0.9497718211528197
Kalimantan Tengah,Barito Utara,73646,0.15045544120350726,0.135095263841134,-0.32473801235440863,0.09867924306063602,-0.4751900269734519
Kalimantan Tengah,Gunungmas,73676,0.2882561881926667,0.17089985912641942,-0.3114678290323609,0.07130238518784832,-0.599724017225028
Kalimantan Tengah,Kapuas,73689,0.6042026895010066,0.2362028934240409,-0.3012083034736202,0.11466100784612326,-0.9054109929746351
Kalimantan Tengah,Katingan,73691,0.6959530501261795,0.19611882561904592,-0.37687031275260297,0.11287404277033469,-1.0728117009335771
Kalimantan Tengah,Kotawaringin Barat,73762,0.6859909502172961,0.24007955006520038,-0.33151079710341147,0.13461478053868708,-1.0167466655372233
Kalimantan Tengah,Kotawaringin Timur,73763,0.6675552450774604,0.2104956297726521,-0.29416387836531566,0.12701627801277393,-0.9617421511428355
Kalimantan Tengah,Lamandau,73770,0.7473924547859658,0.17871129695461999,-0.3397621403131216,0.10684732026128752,-1.0871437397683401
Kalimantan Tengah,Murungraya,73805,0.22515929236213897,0.18637830211604461,-0.4640752890535777,0.10385959401059629,-0.6892348555688957
Kalimantan Tengah,Pulangpisau,73831,0.7359437818091512,0.13523897449808944,-0.3541009783485524,0.11678743949958567,-1.0900447601576833
Kalimantan Tengah,Seruyan,73848,0.6608433224034992,0.2249701162677573,-0.2950355425911395,0.12948790997711737,-0.9560114849162734
Kalimantan Tengah,Sukamara,73856,0.6143747056212776,0.3413212844927224,-0.27603884559852526,0.19084140532331997,-0.888847503595973
Kalimantan Timur,Pasir,73823,0.6894407969991141,0.21758054460228918,-0.2581075910757735,0.14752417577134835,-0.9473910079734834
Kalimantan Timur,Penajam Paser Utara,73826,0.528983028183301,0.2781812810276968,-0.2851720831093114,0.12710401823062525,-0.8140916022501521
Nusatenggara Barat,Bima,73656,0.5646601302659292,0.2151120338076624,-0.14398596669792407,0.1968169782215087,-0.7154014906672097
Nusatenggara Barat,Kota Bima,73713,0.5652001167712558,0.19603859624052036,-0.10142765658248269,0.16616466060235907,-0.6679562554472098
Nusatenggara Timur,Kupang,73765,0.6167923516904134,0.16355141009625448,-0.11973116232224575,0.1312569939924563,-0.7366233525689573
Nusatenggara Timur,Rotendao,73837,0.5657313598495284,0.22125654402373018,-0.09604727191918828,0.15282020917919378,-0.6623993917666661
Sulawesi Tengah,Donggala,73671,0.7862374299696453,0.1803892798532463,-0.3745962624215286,0.10712941216619393,-1.1615232202709596
Sulawesi Tengah,Parigimoutong,73821,0.6175394131186559,0.2780478821092453,-0.31489731975232454,0.11957964571479558,-0.933862383677571
Sulawesi Tenggara,Kota Bau-bau,73710,0.7113857660570275,0.16515873169364576,-0.2758353718802238,0.14625451121484898,-0.9881857335098198
Sumatera Barat,Kota Pariaman,73743,0.6635373268946668,0.22540608994073694,-0.3099183373874029,0.12151547378551876,-0.9734556642820688
Sumatera Barat,Padangpariaman,73819,0.777259836441979,0.14462056000551485,-0.36628911298192735,0.09050317024417204,-1.1435735217524918
Sumatera Utara,Kota Padangsidempuan,73738,0.653778884226784,0.22774271510336924,-0.3086593880312783,0.09283832832924313,-0.9624305799281702
Sumatera Utara,Tapanuli Selatan,73864,0.7389477006420683,0.1923404998767997,-0.33929722713563887,0.0883243910624321,-1.078263876970254
Jawa Barat,Bandung,73636,0.6337606172082277,0.1873500099725293,-0.21893071118287266,0.1291640964209604,-0.8526913283910892
Jawa Barat,Kota Cimahi,73718,0.2934194700785763,0.1087110024252638,0.042567478332560096,0.08991568428546222,-0.25085199174601613
Jawa Barat,Kota Tasikmalaya,73756,0.5009020334183165,0.18809008158316995,-0.14544901214065306,0.1180676394243335,-0.6463510455589688
Jawa Barat,Tasikmalaya,73867,0.5965869043274656,0.20108133921557803,-0.21702106013903172,0.10495045779718884,-0.8136079644665023
Kepulauan-riau,Kota Tanjungpinang,73754,0.3969408539855248,0.3167988746768198,-0.27427032996874207,0.16402660147162254,-0.6687925154629201
Sulawesi Barat,Mamasa,73784,0.8329818985175367,0.08266950788695203,-0.3658518360587825,0.08039086928172932,-1.1988334699321777
Sulawesi Barat,Polewalimamasa,73828,0.7560771551832423,0.18195550276211805,-0.32708469648966915,0.11848093291871625,-1.084180280100753
Sulawesi Selatan,Kota Palopo,73740,0.6444575831049695,0.2765044606408264,-0.28604382256593885,0.12407124939046685,-0.9305014056709083
Sulawesi Selatan,Luwu,73779,0.6653527213473934,0.21221492932621888,-0.2696114658727075,0.11798022854517136,-0.9349509221668066
Sulawesi Utara,Kepulauan-sangihe,73699,0.7081454498657632,0.2647172282807201,-0.3146338359352447,0.2923122659981551,-1.0679025139458413
Sulawesi Utara,Kepulauan-talaud,73701,0.7621047905294379,0.2081192148551194,-0.3711372550506629,0.21511216408051326,-1.1405423472327723
Sumatera Selatan,Banyuasin,73643,0.6781023310805487,0.20076934855659714,-0.2619787857622417,0.2032383102078271,-0.9400769303681005
Sumatera Selatan,Kota Lubuklinggau,73734,0.7343054463345209,0.17433196344214386,-0.30912382256202015,0.10139760639618671,-1.0431722027404695
Sumatera Selatan,Kota Pagaralam,73739,0.7605294976632,0.14639677283127986,-0.30499064645518786,0.08530495744472165,-1.0655085557991852
Sumatera Selatan,Kota Prabumulih,73748,0.770525113385165,0.10621440182794001,-0.27479300675410984,0.08849723612026546,-1.0453181201392752
Sumatera Selatan,Lahat,73769,0.7549030534040831,0.15754121681009509,-0.30802276564163733,0.09358631292455523,-1.0629192096919748
Sumatera Selatan,Muaraenim,73802,0.7652835014364595,0.1150287003692829,-0.27710148959163017,0.11181341702483177,-1.0423849910280896
Sumatera Selatan,Musibanyuasin,73806,0.7619750898756947,0.14586560818301675,-0.3070108573690752,0.11355414826086035,-1.0689881516898172
Sumatera Selatan,Musirawas,73807,0.7655760252166635,0.171300919568516,-0.3252372953279937,0.10385438460695541,-1.0906836130930844
Bengkulu,Bengkulu Selatan,73653,0.7890453245853232,0.20590317444349657,-0.34951561598692,0.10523867211934981,-1.1385565034690917
Bengkulu,Bengkulu Utara,73654,0.7915890725183908,0.20560181911232078,-0.35353948494656345,0.10789230213513207,-1.1460983506023665
Bengkulu,Kaur,73692,0.8028015034024765,0.15619078211695736,-0.3517619373917977,0.10221585607323999,-1.1551460059530763
Bengkulu,Muko-muko,73804,0.8018866945644526,0.20000288519964796,-0.38540826574930726,0.08983120286631982,-1.1872535406182638
Bengkulu,Seluma,73844,0.7587294244888014,0.21484311959987487,-0.3319975527353296,0.09663221225123513,-1.090726412100141
Kalimantan Selatan,Kota Baru,18114,0.6547253601420258,0.27017556899883316,-0.2833624903186139,0.14237312278934294,-0.9375100698941906
Kalimantan Selatan,Balangan,73635,0.6477093021723387,0.2609574118729535,-0.2462499634977879,0.14027135215645678,-0.8934477850366085
Kalimantan Selatan,Hulusungai Utara,73682,0.567267023955435,0.1535573890515975,-0.13575447880790045,0.12415082327436672,-0.7029906371486375
Kalimantan Selatan,Tanahbumbu,73860,0.6369905819543915,0.2686601334986677,-0.24376339646903544,0.14805973485519788,-0.8804136039717998
Nusatenggara Timur,Manggarai Barat,73788,0.7082260277392027,0.20867235478789609,-0.21540785335004692,0.20741681287603012,-0.9283519439607071
Nusatenggara Timur,Manggarai,73789,0.7688888650194605,0.13065786143122274,-0.2743106859596214,0.13143399796964667,-1.0462102574605214
Sulawesi Tenggara,Kendari,73695,0.6174108821743491,0.26677321329908293,-0.2810088309903069,0.12819374362768277,-0.899007248874066
Sulawesi Tenggara,Konawe Selatan,73704,0.539459567728533,0.262940821518483,-0.2355360768948642,0.12426327879786087,-0.7755306104272217
Sumatera Utara,Dairi,73668,,,,,
Sumatera Utara,Humbang Hasundutan,73683,0.6043675911302624,0.17944725387781366,-0.338960720535763,0.06920229845573447,-0.942922151368667
Sumatera Utara,Nias Selatan,73811,0.662472114177965,0.3140352066272919,-0.31896924482889677,0.2505471509778724,-1.0102672424221113
Sumatera Utara,Nias,73812,0.619142149181705,0.264632096358542,-0.33724531854261625,0.1145119936719167,-0.9584423757398272
Sumatera Utara,Pakpakbharat,73820,0.6773107115409962,0.19598319954358595,-0.36885122537540294,0.07754502294208847,-1.046161936916399
Sumatera Utara,Tapanuli Utara,73866,0.6515093943653734,0.2071420506084917,-0.31815347017144513,0.0904923207459745,-0.9695806235971537
Bangka Belitung,Bangka Barat,73639,0.6833715384837751,0.21425804298007464,-0.29184825777649737,0.14564343559077944,-0.9753908388344869
Bangka Belitung,Bangka Selatan,73640,0.7445519737236832,0.2074480050520603,-0.3414635629877937,0.13108259812170361,-1.086191516513341
Bangka Belitung,Bangka Tengah,73641,0.7040542682683785,0.21714549268451785,-0.30757187472232356,0.1370228867589479,-1.0120418029790423
Bangka Belitung,Bangka,73642,0.6877928397013378,0.22425002521349538,-0.2995264923840372,0.13879440250486427,-0.9874115297245033
Bangka Belitung,Belitung Timur,73648,0.6845924399307803,0.23938614489598573,-0.29889008459128735,0.15543866372117032,-0.9837913077447391
Bangka Belitung,Belitung,73649,0.7044586035409663,0.24873856886704312,-0.3283642165045403,0.15248554480271592,-1.0351057852421104
Gorontalo,Boalemo,73658,0.6461615526870987,0.2279509753877781,-0.2764741783441905,0.16045387903847833,-0.9264842282002803
Gorontalo,Bonebolango,73660,0.63356532230786,0.30194206588414707,-0.3368988368978726,0.1391161193726693,-0.972456947278827
Gorontalo,Gorontalo,73675,0.6865139966268213,0.19355254585939483,-0.293501525467393,0.14679107831265448,-0.9818332178889255
Gorontalo,Pohuwato,73827,0.7014279035861174,0.22725081488106327,-0.3495821909786433,0.12953978083489448,-1.0512219515136192
Papua Barat,Fak-fak,73672,0.2270176379282585,0.2043687958935205,-0.3486129870334697,0.06926904608226035,-0.5752103827078606
Papua Barat,Kaimana,73687,0.5261746883453183,0.35075077807661686,-0.36737803326480883,0.10367943030984655,-0.8932618978190324
Papua Barat,Manokwari,73790,0.6783455036415711,0.2940493886860647,-0.33885620207808487,0.15884067690711054,-1.0306075257409784
Papua Barat,Rajaampat,73833,0.568122279612822,0.3297026332304932,-0.3151469209533533,0.2252372765474233,-0.8944871793102084
Papua Barat,Sorong Selatan,73854,0.7070564125963991,0.23830699459513535,-0.39272913276802796,0.10678515375964322,-1.0994940194896161
Papua Barat,Sorong,73855,0.7463967251831076,0.24177274433281856,-0.3884056542607342,0.11627176264194493,-1.1359211125355129
Papua Barat,Telukbintuni,73869,0.679773925339492,0.29119029545924835,-0.38589483407383546,0.10657645461888043,-1.0652410221435835
Papua Barat,Telukwondama,73870,0.5029301430567998,0.3807831015932497,-0.25577394793358926,0.31982588470989115,-0.8317380436813027
Jawa Barat,Ciamis,73667,0.6046522918327265,0.18033113473715487,-0.21013680619864403,0.10905710015646053,-0.8147875945006855
Jawa Barat,Kota Banjar,73707,0.542741477628586,0.14559341324791905,-0.15200929917916609,0.10826784109120456,-0.6947507768077508
Maluku Utara,Halmahera Barat,73677,0.7774461379792601,0.17644845861311137,-0.38178253362945425,0.13114843261418702,-1.1608110602332578
Maluku Utara,Halmahera Selatan,73678,0.6297807572543065,0.289331143684114,-0.30070750821497905,0.2292729548794137,-0.9478859597375427
Maluku Utara,Halmahera Tengah,73679,0.701326435405934,0.23842193661268166,-0.3462237177701496,0.1309007091196996,-1.0521097021549886
Maluku Utara,Halmahera Timur,73680,0.588152305976429,0.29263960891291113,-0.3063716689949704,0.17843635730101445,-0.9052574503556211
Maluku Utara,Halmahera Utara,73681,0.7380381872307464,0.21389000734732377,-0.35938892603459344,0.12329397255496653,-1.099901407411021
Maluku Utara,Kepulauan-sula,73700,0.6549776175550565,0.29239786082849173,-0.3696769417115994,0.14207955602865152,-1.0288941921798693
Maluku Utara,Kota Tidore,73759,0.7064494524205966,0.19472453407415216,-0.35864994563991726,0.1380854901287603,-1.0676565456137974
Sulawesi Barat,Mamuju Utara,73785,0.8176623074973116,0.1539245651203648,-0.37815722661068757,0.11692451381781857,-1.197334805527243
Sulawesi Barat,Mamuju,73786,0.8285334248223463,0.1175673038415442,-0.3792658057878963,0.09749501770533342,-1.2085370946034302
Sulawesi Selatan,Luwu Timur,73777,0.7321918544533201,0.21781792036564168,-0.3355121636792928,0.10465406621915466,-1.067750645834726
Sulawesi Selatan,Luwu Utara,73778,0.7591476623404704,0.17916385050836872,-0.3316970787658402,0.1050038877072635,-1.0908414758608298
Sulawesi Utara,Kota Tomohon,73760,0.6972361597507809,0.1627161120573386,-0.31982465457067755,0.118856846593899,-1.0170608143214594
Sulawesi Utara,Minahasa Selatan,73798,0.765407215596834,0.17533552706168715,-0.3800223851817279,0.11535772161527202,-1.1467512522350636
Nangroe Aceh Darussalam,Aceh Tengah,73629,0.6839731646369389,0.27328959477338594,-0.32436066334657293,0.1273970428732335,-1.0085262924480296
Nangroe Aceh Darussalam,Bener Meriah,73650,0.688385705050972,0.30950020531078876,-0.340095832879118,0.11144387635726244,-1.0278842304345803
Bengkulu,Lebong,73774,0.7006447198054786,0.25447528184185453,-0.33690952675273617,0.0950434878470743,-1.0371778435468682
Bengkulu,Rejanglebong,73834,0.662283860284061,0.2637099249550261,-0.28032171815195567,0.09383575085190031,-0.9423874056185183
Bengkulu,Kepahiang,73882,0.7300265172609662,0.1764518733604579,-0.29415483808733606,0.07606136295226934,-1.0241664218064026
Kalimantan Barat,Melawi,73794,0.700227416930594,0.19711870683007246,-0.3495084479728552,0.085616686096078,-1.049728272687325
Kalimantan Barat,Sanggau,73839,0.772497874447758,0.16151526708791156,-0.34764559911424353,0.09786091093008709,-1.1201341263333608
Kalimantan Barat,Sekadau,73843,0.7622320808430391,0.1471390468410034,-0.3440095736620047,0.07910440041566341,-1.1062268412054068
Kalimantan Barat,Sintang,73851,0.6944702057310712,0.19582636024160285,-0.32699972896402957,0.09946169760775293,-1.021416079816431
Nusatenggara Barat,Sumbawa Barat,73857,0.7345967411944421,0.18422346348272878,-0.2932787029089677,0.1633868729643052,-1.0312966568550304
Nusatenggara Barat,Sumbawa,73858,0.646394406186317,0.2192856277599427,-0.22676369324135967,0.1788865822477089,-0.8772198493398704
Sulawesi Tengah,Poso,73830,0.7607826501648697,0.18757287360750124,-0.3098849692189384,0.20867349220778372,-1.0894119898791013
Sulawesi Tengah,Tojounauna,73872,0.7608553916876719,0.2056229366629892,-0.32750643234136373,0.1888406402298857,-1.0984987161149353
Sulawesi Tenggara,Bombana,73659,0.6963214887133484,0.20769571736643713,-0.25641512324871635,0.1791073032831946,-0.9529390952644695
Sulawesi Tenggara,Buton,73666,0.6431976344807292,0.23146755566156763,-0.25130932796997874,0.16382334233288698,-0.8970013718447576
Sulawesi Tenggara,Kolaka Utara,73702,0.4258062758554178,0.3194115999172669,-0.23675279308520897,0.1153722649819231,-0.6627006263969765
Sulawesi Tenggara,Kolaka,73703,0.6637021180816112,0.24988395949367706,-0.29527939285648186,0.1269565983596582,-0.9598309085602267
Sulawesi Tenggara,Wakatobi,73876,0.6213227170937051,0.32318850246557973,-0.21121561804947123,0.24857714763868832,-0.840360765284186
Sumatera Barat,Dharmasraya,73670,0.7129000647542891,0.19513829857007572,-0.3020046787786949,0.09031563267622958,-1.0149008165888416
Sumatera Barat,Kota Pasaman,73745,0.796579227088354,0.13509461683027,-0.37499580012632616,0.07839334338250857,-1.1715738435935976
Sumatera Barat,Kota Pasaman Barat,73822,0.7694224300558381,0.1927632433669274,-0.36083407625146463,0.09530324200462287,-1.130252456747251
Sumatera Barat,Sawahlunto/sijunjung,73842,0.8039887379218712,0.13502939160993868,-0.36984078254298997,0.07231614393826787,-1.1737897150023497
Sumatera Barat,Solok Selatan,73852,0.7635020737826964,0.16380382355386902,-0.3545987827399675,0.0822677959167391,-1.1181005564061397
Sumatera Barat,Solok,73853,0.731244774416125,0.17592904728362624,-0.3453284251218014,0.08865277966488234,-1.0765773573323667
Sumatera Utara,Deli Serdang,73669,,,,,
Sumatera Utara,Samosir,73838,0.7387668831769373,0.12582922716958386,-0.30733823350978395,0.08506148069471034,-1.046105275020792
Sumatera Utara,Serdang Bedagai,73847,0.6996634432192074,0.2007412387014835,-0.3578530772706842,0.08719922771492933,-1.0575165204898898
Sumatera Utara,Toba Samosir,73871,0.7152488652139568,0.22966728595999095,-0.3323860836695292,0.10496317993544291,-1.0499362211392578
Papua Barat,Supiori,73859,0.5598025440226657,0.335396736986597,-0.3178267258069109,0.2026055835184258,-0.8980030753548346
Kepulauan-riau,Kepulauan-riau,73698,0.5474178814637057,0.3376599309321749,-0.26880762145665704,0.22930096116321477,-0.8258814000292255
Kepulauan-riau,Lingga,73776,0.6742977570969747,0.3229414148628781,-0.3585286958067487,0.17227977431937136,-1.0342105888489828
Maluku,Kepulauan-aru,73697,0.70438455164839,0.2887527594816668,-0.3857395650979583,0.15830587878307584,-1.0908656375733645
Maluku,Maluku Tengah,73781,0.6984714598671214,0.2690008663311961,-0.35775930739079287,0.13853045307724146,-1.06053450184622
Maluku,Maluku Tenggara,73783,0.4554086084458784,0.35265006271775245,-0.23037790344877912,0.23014528616539198,-0.7021932538645492
Maluku,Seram Bagian Barat,73845,0.6930199393475992,0.29866208004808714,-0.3591298161032334,0.1691782553093105,-1.0585080411896284
Maluku,Seram Bagian Timur,73846,0.6729815823022356,0.2768820552639986,-0.3424346810851137,0.15626027199328577,-1.0174556070227745
Papua,Biaknumfor,73655,0.6140330500961396,0.32263586745795225,-0.2928682732286307,0.2319284539759988,-0.9225732467537284
Sulawesi Utara,Minahasa Utara,73799,0.7489923955841085,0.18747782210506037,-0.33392375695450655,0.1446371152030533,-1.0864244512498296
Sulawesi Utara,Minahasa,73800,0.6855015884948946,0.21513981844144375,-0.3167933838697185,0.13641205013004798,-1.0029205936733627
Sumatera Selatan,Ogan Ilir,73814,0.6563539976949605,0.1591521776800723,-0.1758651861311279,0.14705232915796698,-0.8322125695592852
Sumatera Selatan,Ogan Komering Ilir,73815,0.6727318586953012,0.2051847496248563,-0.2810762379014044,0.1604738003739852,-0.9537272163167628
Sumatera Selatan,Ogan Komering Ulu Selatan,73816,0.7577129628442454,0.16290076830098757,-0.2972363677633055,0.14240415414112054,-1.0574602877603414
Sumatera Selatan,Ogan Komering Ulu Timur,73817,0.6774858606556359,0.15402527416102696,-0.23808728280011263,0.09059152508897031,-0.9155731434557507
Sumatera Selatan,Ogan Komering Ulu,73818,0.782556413571876,0.11443790382656675,-0.2983783346058045,0.08816663333742131,-1.0809347481776783
Nangroe Aceh Darussalam,Aceh Besar,17960,0.6949776504740061,0.2257026233572484,-0.3076787458183772,0.15954555176177238,-1.006393192208692
Nangroe Aceh Darussalam,Kota Sabang,17967,0.7147161325383412,0.2153827325267598,-0.3225209158375097,0.19862303289899447,-1.0510132643926282
Nangroe Aceh Darussalam,Pidie,17968,0.7125386284827911,0.2567095440666104,-0.3526590541410979,0.1124394828308267,-1.065263797386607
Nangroe Aceh Darussalam,Aceh Singkil,73627,0.5903367098011761,0.2727728676802679,-0.33688845605575113,0.15405301427218052,-0.9310804318007881
Nangroe Aceh Darussalam,Kota Bandaaceh,73705,0.4230452934899644,0.1795356964442188,-0.10938911679032289,0.10187805183526955,-0.5324393603530523
Bali,Badung,17969,0.5533682520538894,0.1878228353345575,-0.1798260501976996,0.13944762846416534,-0.7331974729622189
Bali,Bangli,17970,0.5694056862257716,0.2521449812047771,-0.21765988451484639,0.1263029036663408,-0.7870655707406177
Bali,Buleleng,17971,0.70422973602612,0.16736602610560344,-0.27658357724216,0.1344571140767111,-0.9815937352446489
Bali,Gianyar,17972,0.4850271347707433,0.2126242868181886,-0.2017593113960477,0.10308132183558467,-0.6868403974147471
Bali,Jembrana,17973,0.6654037076722262,0.20360155407479164,-0.27530802642797164,0.12158506741368316,-0.940728425419433
Bali,Karangasem,17974,0.5683371435833813,0.21189934109953878,-0.1957832784134512,0.18381050905460727,-0.7829409618492341
Bali,Klungkung,17975,0.47281768675524166,0.22002334204495802,-0.1493338335588063,0.17093868804614634,-0.634487130158075
Bali,Tabanan,17976,0.6774720071744769,0.1774892110589355,-0.2837443398012126,0.1106889771111837,-0.9612163469756899
Bali,Kota Denpasar,73719,0.4048987855323468,0.16312389561968077,-0.05525267956154411,0.14880376881508048,-0.4602999700650356
Bengkulu,Kota Bengkulu,73712,0.5144159801934397,0.31012869533285353,-0.1683446393817568,0.19975784307295402,-0.683647738456034
Daerah Istimewa Yogyakarta,Bantul,17981,0.6174502625148596,0.11098182620894487,-0.179172832358693,0.0968338351174757,-0.7966230948735503
Daerah Istimewa Yogyakarta,Gunungkidul,17982,0.5839289672342507,0.10263619293908303,-0.09338522853473782,0.09255819488198505,-0.6774616252576362
Daerah Istimewa Yogyakarta,Kota Yogyakarta,17983,0.341282373254895,0.07878582767549924,0.05136173496625419,0.07305018940239777,-0.2899206382886406
Daerah Istimewa Yogyakarta,Kulonprogo,17984,0.6595117273554663,0.1401531884372783,-0.23664341008135423,0.10210192690427292,-0.8961551374368225
Daerah Istimewa Yogyakarta,Sleman,17985,0.6071218091804724,0.12703941483476186,-0.1864803857414002,0.10487235551405236,-0.7936021949218758
Dki Jakarta,Kota Jakarta Barat,73722,0.26520576667468226,0.11018964286089078,0.016754793758938267,0.0850787115880056,-0.24845097291574414
Dki Jakarta,Kota Jakarta Pusat,73723,0.2495136487892241,0.10554597197054098,0.024283577856130036,0.08112877464899522,-0.2252300709330945
Dki Jakarta,Kota Jakarta Selatan,73724,0.3490022077755493,0.11132649258347874,-0.005326513239903138,0.08665804069020316,-0.3543287210154523
Dki Jakarta,Kota Jakarta Timur,73725,0.3154245527826943,0.125159580549361,0.014579759485943764,0.09184245463644171,-0.30084479329675023
Jambi,Kerinci,18002,0.7534190453240919,0.19166828429650293,-0.335928728943023,0.07884444620500788,-1.089310551969648
Jambi,Kota Jambi,18003,0.4604264355688133,0.2207001208003054,-0.13880257991056882,0.14363643296467077,-0.5992290154793833
Jawa Tengah,Banjarnegara,18030,0.6849873925499419,0.13310237565249158,-0.2655916732364659,0.08224040961615464,-0.9505790657864169
Jawa Tengah,Banyumas,18031,0.6013230862639637,0.16795034720886856,-0.2037621408429488,0.103619923551774,-0.8050852271069106
Jawa Tengah,Batang,18032,0.7003400569913977,0.19040447938290278,-0.2809192164585188,0.10649106514153,-0.9812592734499137
Jawa Tengah,Blora,18033,0.44643992261390586,0.10222331258079863,0.0022848374747410313,0.08974714727601658,-0.44415508513916835
Jawa Tengah,Boyolali,18034,0.5967519884344767,0.12629063811627608,-0.15720138598135208,0.10169581671174707,-0.7539533744158357
Jawa Tengah,Brebes,18035,0.4181629369172211,0.21274225062008423,-0.07266873180844746,0.14672153862302453,-0.4908316687256635
Jawa Tengah,Cilacap,18036,0.5583189515169091,0.17244981976713125,-0.17182033624884266,0.12614505015931093,-0.7301357526852457
Jawa Tengah,Demak,18037,0.48026176461022657,0.1903022779290868,-0.15115012923705073,0.11337721744413769,-0.6314118938472788
Jawa Tengah,Grobogan,18038,0.47782914202818,0.11581202304110857,-0.053030053403950644,0.10223486236656368,-0.5308591954321309
Jawa Tengah,Jepara,18039,0.6214719068235064,0.24700802246092374,-0.21579506485621727,0.13481514576959353,-0.8374454497147154
Jawa Tengah,Karanganyar,18040,0.5742318126248511,0.13193727849443276,-0.16102399624820474,0.10590692035118068,-0.735255808873057
Jawa Tengah,Kebumen,18041,0.6483592379444586,0.12048882199254284,-0.2220326917191719,0.09575860501304598,-0.8703919296636319
Jawa Tengah,Klaten,18042,0.6033420601764797,0.11112132032669353,-0.18875536573111043,0.09912342494987922,-0.7920974259075914
Jawa Tengah,Kota Magelang,18043,0.4681900157246135,0.14787011131088657,-0.055157790659326196,0.1409432878671216,-0.5233478063839393
Jawa Tengah,Kota Pekalongan,18044,0.29403251410286496,0.2859839873875569,-0.06920758478946146,0.184024909795667,-0.36324009889232645
Jawa Tengah,Kota Salatiga,18045,0.6279823856365239,0.1572460834492182,-0.16519764254590785,0.1384004738777073,-0.7931800281824326
Jawa Tengah,Kota Semarang,18046,0.5135770845240357,0.21143810790543166,-0.11692038155949627,0.1411729347995154,-0.6304974660835344
Jawa Tengah,Kota Surakarta,18047,0.3185367993574132,0.09126186041489397,0.03239622302997513,0.07801449959561273,-0.28614057632743833
Jawa Tengah,Kota Tegal,18048,0.25122907007639583,0.17342473413105297,-0.022437068266932095,0.1311036919754093,-0.2736661383433283
Jawa Tengah,Kudus,18049,0.5325148800117978,0.13693394987211116,-0.1246635559560842,0.11114534203995104,-0.6571784359678805
Jawa Tengah,Magelang,18050,0.681570599984916,0.11687877340800323,-0.25414710864844364,0.09291993367776338,-0.935717708633364
Jawa Tengah,Pati,18051,0.4679545552399983,0.15330702232354168,-0.0709202348638539,0.12514441573900686,-0.5388747901038524
Jawa Tengah,Pekalongan,18052,0.6875860898234464,0.16756523377363747,-0.274249015995345,0.10205708873096353,-0.9618351058187953
Jawa Tengah,Pemalang,18053,0.6061548290205039,0.14158802426741524,-0.19456533513194835,0.11001912900371563,-0.8007201641524517
Jawa Tengah,Purbalingga,18054,0.665505634266075,0.13921552354208275,-0.24739165125762277,0.08624018528767076,-0.9128972855237086
Jawa Tengah,Purworejo,18055,0.6946793796987136,0.13344981514925214,-0.27591291124873873,0.09570803532727731,-0.9705922909474557
Jawa Tengah,Rembang,18056,0.4429082726922389,0.17066730684983475,-0.019988397652662478,0.097750003493924,-0.46289667034490023
Jawa Tengah,Semarang,18057,0.677535786198292,0.12432031377593865,-0.22560184978312897,0.1094570511965593,-0.9031376359814156
Jawa Tengah,Sragen,18058,0.5125955219667097,0.16021320758598728,-0.12539931728632095,0.12072563104765663,-0.6379948392530281
Jawa Tengah,Sukoharjo,18059,0.49541082471194076,0.11779661978860356,-0.1095780296982148,0.12332528961815956,-0.6049888544101542
Jawa Tengah,Tegal,18060,0.4775861360969593,0.17081673793216653,-0.09177934697334521,0.12444639468747325,-0.5693654830703012
Jawa Tengah,Temanggung,18061,0.6826466207304787,0.13893755380990688,-0.2459614343855898,0.10856599402362803,-0.9286080551160758
Jawa Tengah,Wonogiri,18062,0.5322487761917783,0.15002227032178522,-0.11646343356977645,0.09622447187257414,-0.6487146874477193
Jawa Tengah,Wonosobo,18063,0.6903848935917406,0.1486858209933784,-0.2823322913177949,0.09081772941750771,-0.9727171849095347
Jawa Tengah,Kendal,73694,0.6482840055309371,0.1710049831512411,-0.23132555375434924,0.10528184965343533,-0.8796095592852916
Jawa Tengah,Kota Klaten,73730,0.512205931551716,0.10856481630294865,-0.11811359476715516,0.10992770389719754,-0.6303195263188703
Jawa Tengah,Kota Purwokerto,73749,0.4773398802664892,0.13143514342989535,-0.07808848303112874,0.1144756742788885,-0.555428363297618
Jawa Timur,Bangkalan,18064,0.5528852509098434,0.22162035723021337,-0.11825155388699224,0.12543666165625375,-0.6711368047968348
Jawa Timur,Banyuwangi,18065,0.6484381218529565,0.17655137110997282,-0.2501015405015467,0.12849808092025583,-0.899061836267402
Jawa Timur,Blitar,18066,0.5965861849353272,0.1348505128193049,-0.17197233078978647,0.12511752508820184,-0.7694594571007938
Jawa Timur,Bojonegoro,18067,0.4392185923144963,0.11410013345817754,-0.035756093208576284,0.1048025872430625,-0.4749746855230672
Jawa Timur,Bondowoso,18068,0.6817680003564598,0.12157546675078745,-0.2368051882805637,0.10502189085382126,-0.9185731886370215
Jawa Timur,Gresik,18069,0.43262633382258586,0.21500188195809936,-0.14796617192738826,0.17511940162112394,-0.5824411434728826
Jawa Timur,Jember,18070,0.674188658347327,0.1608454546004096,-0.25598655831617084,0.10948506295906067,-0.9305220731077954
Jawa Timur,Jombang,18071,0.5726256576604302,0.11441545310099839,-0.1592702919827456,0.10363127787697404,-0.7318959496431857
Jawa Timur,Kediri,18072,0.6095756894546321,0.11160664468422797,-0.19366851409223818,0.09368165406976246,-0.8032442035468742
Jawa Timur,Kota Blitar,18073,0.5138075399713372,0.10800065371160307,-0.11119764861834272,0.10355536732939649,-0.6250051885896812
Jawa Timur,Kota Kediri,18074,0.46836257944749327,0.13127149109179537,-0.0899263933913245,0.11140047078777858,-0.5582889728388186
Jawa Timur,Kota Madiun,18075,0.438834336545209,0.1343934279813972,-0.06385991341963898,0.12606269792446895,-0.5026942499648487
Jawa Timur,Kota Malang,18076,0.4356795308225132,0.16447872277371017,-0.06659225568443809,0.13292372536409078,-0.5022717865069515
Jawa Timur,Kota Mojokerto,18077,0.43586794522741285,0.13193374914557482,-0.08943130758029903,0.12168895456206204,-0.5252992528077123
Jawa Timur,Kota Pasuruan,18078,0.4131930685071123,0.18070271671400415,-0.1604372914185129,0.15452091828008985,-0.5736303599256259
Jawa Timur,Kota Probolinggo,18079,0.5122892115493874,0.14403103309659004,-0.16090076785201707,0.11621222264542815,-0.6731899794014036
Jawa Timur,Kota Surabaya,18080,0.29656458544326875,0.14326491472576983,-0.03658509451945855,0.12579630111258813,-0.33314967996272654
Jawa Timur,Lamongan,18081,0.44644287749708,0.12717751697450075,-0.0764384857842481,0.13372840392284588,-0.5228813632813364
Jawa Timur,Lumajang,18082,0.6712735117128853,0.14960366771747607,-0.26353692156707514,0.09458818890860364,-0.9348104332799594
Jawa Timur,Madiun,18083,0.5554585683347728,0.12189985870465457,-0.11102628040397969,0.13322053008370782,-0.6664848487387488
Jawa Timur,Magetan,18084,0.5613981262524395,0.12899701525244628,-0.15180952247856513,0.11355855661758761,-0.7132076487310026
Jawa Timur,Mojokerto,18086,0.5785692020028519,0.14060427696965552,-0.17205814181373624,0.1037506533924272,-0.7506237295671007
Jawa Timur,Nganjuk,18087,0.5525115661269383,0.12540947314364,-0.130217410241875,0.12842457328198256,-0.6827289763688205
Jawa Timur,Ngawi,18088,0.5485707724380405,0.13533751663535154,-0.13060795200582867,0.1362498085883113,-0.6791787244438641
Jawa Timur,Pacitan,18089,0.6326268464738452,0.13589296090473563,-0.1916963105155345,0.10673462651766817,-0.8247537666469879
Jawa Timur,Pamekasan,18090,0.47782521062458777,0.2113755720155006,-0.08178741477951232,0.11524833494669248,-0.559612625404097
Jawa Timur,Pasuruan,18091,0.600979355005722,0.1477873255375453,-0.20571700675687976,0.10293700692169544,-0.8066963617626
Jawa Timur,Ponorogo,18092,0.5754940286723782,0.11815813489421004,-0.15541402197748946,0.10235408916672581,-0.7309080506498653
Jawa Timur,Probolinggo,18093,0.6553284775166646,0.14968422679651058,-0.24327772525366623,0.10352802516323555,-0.898601716126016
Jawa Timur,Sampang,18094,0.4937250480792433,0.20864685207158515,-0.07699180248672939,0.1111143774954782,-0.5707168505659737
Jawa Timur,Sidoarjo,18095,0.44984208199021075,0.1499606755502085,-0.12869748279802626,0.11876566065898429,-0.5785395647882376
Jawa Timur,Situbondo,18096,0.6189372517054329,0.19258818715599638,-0.20197252950204733,0.12753117845437034,-0.8210465101889891
Jawa Timur,Sumenep,18097,0.48538277335091734,0.25506245119034804,-0.11020779328081479,0.17530196126983832,-0.599088043302482
Jawa Timur,Trenggalek,18098,0.5986059599533161,0.165106537134441,-0.22872379616819719,0.10868013821480711,-0.8278121819600358
Jawa Timur,Tuban,18099,0.4199965322171666,0.1631394922368057,-0.009918458152213778,0.1321381895367807,-0.4299149903693822
Jawa Timur,Tulungagung,18100,0.5493366514301102,0.14220046495179464,-0.1866046771945333,0.09465098317091626,-0.7360241458814157
Jawa Timur,Kota Jember,73728,0.573972753676318,0.14250753990071438,-0.16570966944034798,0.12261493822119204,-0.7396824231166652
Kalimantan Barat,Kapuas Hulu,18101,0.7493167001773201,0.19129052035110822,-0.37271482174394127,0.11146613073272177,-1.1219523272832177
Kalimantan Barat,Ketapang,18102,0.7499455942468558,0.19850798155693322,-0.34950889509336774,0.12984077507148398,-1.0992458345417127
Kalimantan Barat,Kota Pontianak,18103,0.6195796499033174,0.2139238230058579,-0.21615917651599678,0.1411220732211297,-0.8357388264193095
Kalimantan Barat,Sambas,18105,0.6910573837377514,0.25083494173284515,-0.3299065330698519,0.13220625119143958,-1.0219922851215875
Kalimantan Selatan,Banjar,18108,0.6255086213779844,0.19547124159399096,-0.19478783795842422,0.15164157479992785,-0.8202757579051404
Kalimantan Selatan,Baritokuala,18109,0.640789231075921,0.15989694162382453,-0.19942245119417218,0.1323547490997533,-0.8402116822700929
Kalimantan Selatan,Hulusungai Selatan,18110,0.5491461196801594,0.22280622077862974,-0.13575997613988294,0.15358886827588372,-0.6847757916118078
Kalimantan Selatan,Hulusungai Tengah,18111,0.6140107255089836,0.23201534161521575,-0.2049288124334781,0.14551430460106066,-0.8184667024860831
Kalimantan Selatan,Kota Banjarmasin,18113,0.5084158111642252,0.2153051305057465,-0.1614912698235223,0.1695498172451656,-0.6699070809877473
Kalimantan Selatan,Tabalong,18115,0.6873191150834691,0.20117168894308146,-0.2384701431534189,0.13626716474056813,-0.9257687326581904
Kalimantan Selatan,Tanahlaut,18116,0.543095413776408,0.29562656986265584,-0.21124585423820505,0.15366009154335344,-0.7543511399570404
Kalimantan Selatan,Tapin,18117,0.5981603538916821,0.17484906358838498,-0.13945721185278687,0.15056136399465572,-0.7375819999335749
Kalimantan Selatan,Kota Banjarbaru,73706,0.5490567610851556,0.1317539296218044,-0.08783190800031279,0.11636794475923294,-0.6368886690854676
Kalimantan Tengah,Kota Palangkaraya,18124,0.7237827424338613,0.13055323021153767,-0.3516604185543753,0.11842776024324382,-1.0754431609882482
Kalimantan Timur,Berau,18128,0.7018651382685072,0.28100779677965626,-0.34374761194416487,0.13546317501534758,-1.0455303015363093
Kalimantan Timur,Kota Balikpapan,18130,0.4634332447584688,0.29956761492308737,-0.20629908017138968,0.15007377117044318,-0.6696123012433143
Kalimantan Timur,Kota Samarinda,18131,0.5277867059858702,0.3063139754251259,-0.23673165834787174,0.13830649979894827,-0.7644250249036046
Kalimantan Timur,Kota Tarakan,73755,0.5632541602402547,0.25027952731050734,-0.2855896466181559,0.15049183999782,-0.8484413703147499
Lampung,Kota Bandarlampung,18134,0.5235402929121601,0.220225350130666,-0.1317551934303914,0.15041260786660995,-0.6553675753302267
Lampung,Lampung Selatan,18135,0.5621346064805027,0.2056551300162078,-0.16755202011331957,0.1331465058843902,-0.7311993423373687
Lampung,Lampung Tengah,18136,0.5803814868368735,0.17609047921380602,-0.1647716400033725,0.12946863100179373,-0.7451087329543552
Lampung,Lampung Utara,18137,0.7219900528501186,0.14863199874343694,-0.23941107033142367,0.1036347425967298,-0.9614011231815384
Lampung,Kota Metro,73737,0.48354884246775715,0.08982363686013134,-0.06571367777349649,0.07065532141258045,-0.5492625202412547
Lampung,Lampung Barat,73771,0.7321875232888336,0.19112852831707633,-0.3049589279942756,0.1308226857060088,-1.038680719708542
Lampung,Lampung Timur,73772,0.5713544925910227,0.2015467233187307,-0.1962622387880888,0.12468883371227736,-0.7676240530276998
Lampung,Tanggamus,73861,0.6750413748355947,0.17603752179657317,-0.24776248116884256,0.11453131475795743,-0.9236377519610651
Lampung,Tulangbawang,73875,0.6230597576740616,0.20543051475932608,-0.21601583541239372,0.11797249389379212,-0.839110318850367
Lampung,Waykanan,73878,0.7618497675126105,0.12690021033026985,-0.2718744004180192,0.08644884558785358,-1.033721651632026
Nusatenggara Barat,Dompu,18144,0.6064011932372421,0.19874134308629646,-0.16132064417189163,0.1857780141818259,-0.7705919091773662
Nusatenggara Barat,Lombok Barat,18145,0.6607434693083961,0.21200498479320556,-0.24555433362930015,0.17385917491764058,-0.9138609962564826
Nusatenggara Barat,Lombok Tengah,18146,0.5579439397077555,0.1880858999947593,-0.14614320372706263,0.15379047729440354,-0.7064570522783948
Nusatenggara Barat,Lombok Timur,18147,0.6163221680615687,0.2271186586547963,-0.18441480188068596,0.20898640474950364,-0.8122781384893044
Nusatenggara Barat,Kota Mataram,73736,0.4386042769372696,0.14572970651488043,-0.08961192307793385,0.12506891961485597,-0.5282162000152031
Nusatenggara Timur,Alor,18149,0.6868242353654046,0.17711191376522778,-0.19951257190259641,0.20962839743810674,-0.898154182485481
Nusatenggara Timur,Belu,18150,0.5963234183980315,0.14395530019307062,-0.11738389046301623,0.12409651551605841,-0.7137073088610465
Nusatenggara Timur,Ende,18151,0.7232135147134898,0.1607626135008202,-0.25831001429297373,0.1759926399745758,-0.9949740553784676
Nusatenggara Timur,Ngada,18155,0.6589178934731645,0.1494265573479436,-0.1709927318220003,0.1722256803708121,-0.8376144176276956
Nusatenggara Timur,Sikka,18156,0.696006119288399,0.16805000798151737,-0.22778973719367457,0.19932256733326872,-0.9409305615229406
Nusatenggara Timur,Sumba Barat,18157,0.5917784452113498,0.162463084358318,-0.07728330649981023,0.17097271473069822,-0.6699655095326483
Nusatenggara Timur,Sumba Timur,18158,0.5359051997433294,0.18008204369950878,-0.03224056936600378,0.1956896281808375,-0.5700818505902229
Nusatenggara Timur,Timor Tengah Selatan,18159,0.6224452125262735,0.1365089294273202,-0.1506803339683243,0.11095407509958806,-0.7731255464945973
Nusatenggara Timur,Timor Tengah Utara,18160,0.5927178417000655,0.13167098179538875,-0.10730573343159752,0.10666474819922371,-0.7000243277520111
Nusatenggara Timur,Kota Kupang,73731,0.38863663876910626,0.1684981408999755,-0.037248379749665377,0.09080918552234046,-0.42588501851877125
Sulawesi Tengah,Kota Palu,73741,0.6650296651440162,0.21975047100637546,-0.2440797244839433,0.17408471708379333,-0.9091152791455906
Sulawesi Tenggara,Muna,18196,0.6113168137727585,0.25795461994285607,-0.25688378221998853,0.14606963608006307,-0.8694534351660037
Sulawesi Tenggara,Kota Kendari,73729,0.3401094810642876,0.2916889489780131,-0.19948144062289755,0.1244629474775809,-0.5402069698544489
Sumatera Barat,Agam,18202,0.7598077436040812,0.19829916043412896,-0.34628693092110696,0.13185648603204406,-1.1075573565562205
Sumatera Barat,Kota Padang,18204,0.7454830741268696,0.21890686017059688,-0.3319704356850932,0.15359739772129216,-1.0786088956682036
Sumatera Barat,Kota Padangpanjang,18205,0.7251709848811565,0.1535293531161416,-0.31316625055953484,0.12315365173445844,-1.0383372354406908
Sumatera Barat,Kota Sawahlunto,18206,0.767301789846149,0.1244141936865644,-0.32482631649270877,0.08324266834750162,-1.0921281063388557
Sumatera Barat,Kota Solok,18207,0.6555075319309119,0.15028455983394898,-0.27873572985283257,0.10140188958266155,-0.9342432617837433
Sumatera Barat,Limapuluhkoto,18208,0.8070819921124938,0.10813546554706216,-0.36793591919034474,0.07407296666187675,-1.1750175057947816
Sumatera Barat,Pesisir Selatan,18212,0.8170100492838592,0.18104735354793694,-0.37808684842600015,0.12044921826476489,-1.1967161674368063
Sumatera Barat,Tanahdatar,18215,0.7302161512095495,0.20612544187617265,-0.33020577342961643,0.14130322665346554,-1.0626003366993422
Sumatera Barat,Kota Bukitinggi,73716,0.5748427458763525,0.194063450213652,-0.18524404315965787,0.15262430606892277,-0.7600867890360108
Sumatera Barat,Kota Payakumbuh,73746,0.6625492402006996,0.1146308033428689,-0.26888881558747746,0.09097438490541912,-0.9314380557881755
Sumatera Utara,Karo,18227,,,,,
Sumatera Utara,Kota Binjai,18228,,,,,
Sumatera Utara,Kota Medan,18229,,,,,
Sumatera Utara,Kota Sibolga,18231,0.6927840257374734,0.19431273896909496,-0.31478678783199665,0.13101784431242208,-1.0075708135694694
Sumatera Utara,Labuhanbatu,18233,0.8133267552851177,0.1284828197726037,-0.36379364677738846,0.08981622614728729,-1.1771130868712114
Sumatera Utara,Langkat,18234,,,,,
Sumatera Utara,Simalungun,18236,0.7692240841743717,0.12876333307569668,-0.3701092509698722,0.07265195767898038,-1.1393306526168132
Sumatera Utara,Asahan,73633,0.7997396123250842,0.14556642406046869,-0.3812816734724315,0.08160102920890165,-1.1810201161281897
Sumatera Utara,Kota Pematang Siantar,73747,0.402120776187044,0.07925672672979292,-0.24126840897995838,0.06182901550234302,-0.6433891851670025
Sumatera Utara,Kota Tanjungbalai,73753,0.7736760481922723,0.18489741997807932,-0.35777862424641915,0.10976216945752225,-1.1314546724386922
Sumatera Utara,Kota Tebingtinggi,73757,0.7909048286671804,0.12436142596638555,-0.343114805823279,0.09465112440565684,-1.134019634490464
Sumatera Utara,Mandailingnatal,73787,0.7202755530803563,0.22555247203056425,-0.36053218702691703,0.09149467170013308,-1.080649146786855
Sumatera Utara,Tapanuli Tengah,73865,0.6933678695585676,0.21028116640888608,-0.3391162598370607,0.09523458979618098,-1.0326944724666594
Bangka Belitung,Kota Pangkalpinang,73742,0.539275702256856,0.21162216674524986,-0.17261604272025882,0.1477069963350765,-0.711891744977116
Banten,Lebak,18020,0.7449844341910846,0.12085021721780295,-0.29291212901510333,0.08278175115819501,-1.037925493760179
Banten,Pandeglang,18022,0.6859775868919381,0.20448944633935,-0.2692338993556988,0.1588411500752516,-0.9588284587326592
Banten,Serang,18024,0.536833262628276,0.23181858021026783,-0.18090525841227456,0.15393568291530182,-0.7179560771411706
Banten,Tangerang,18028,0.43363040872506514,0.16484335860921223,-0.10282262620332011,0.10900848279072213,-0.5364530349283854
Banten,Kota Cilegon,73717,0.37679751053787597,0.21221491220874922,-0.07133922170508927,0.15718920142070522,-0.4495456561911514
Banten,Kota Tangerang,73752,0.3061928675412733,0.11692004646487723,-0.011972837578615803,0.09059816838292839,-0.31816570511988934
Gorontalo,Kota Gorontalo,18199,0.6235030154662543,0.17397689663336122,-0.2458038538271024,0.1296003362940634,-0.8693068692933518
Jawa Barat,Bekasi,18007,0.3818182814163747,0.15624012895526795,-0.10842887067343193,0.141038450858137,-0.49024715208980907
Jawa Barat,Bogor,18008,0.6459958080075393,0.15432907872352863,-0.21296559719767638,0.10627384031143221,-0.8589614052052017
Jawa Barat,Cianjur,18010,0.6770824025516439,0.14107734475238676,-0.22758921199041585,0.11151881012339651,-0.9046716145420505
Jawa Barat,Cirebon,18011,0.3909042511837819,0.1472948073183316,-0.06608225269614493,0.12434010435157838,-0.45698650387992695
Jawa Barat,Garut,18012,0.624478587253692,0.17529768376335916,-0.1982135672593686,0.12214507191234102,-0.8226953716226874
Jawa Barat,Indramayu,18013,0.3846078245624497,0.1816968369987099,-0.09125423083873181,0.13165365391234093,-0.47586205540118204
Jawa Barat,Karawang,18014,0.42424176900131605,0.2107664649408229,-0.22067783372630242,0.1465106190575033,-0.6449196027276197
Jawa Barat,Kota Bandung,18015,0.3104415834556669,0.14292390083454518,0.01330532281564773,0.11219791468723472,-0.297136260640019
Jawa Barat,Kota Bogor,18016,0.4616872613204291,0.132706822545814,-0.08168265077339103,0.09760275815774747,-0.5433699120938207
Jawa Barat,Kota Cirebon,18017,0.3017400619190462,0.1038193433689161,0.011284675313709917,0.08105018266713128,-0.29045538660533576
Jawa Barat,Kota Sukabumi,18018,0.5092495678092203,0.13236767366516675,-0.121806030640447,0.12932142366415658,-0.631055598449667
Jawa Barat,Kuningan,18019,0.5454718390236111,0.16242537429479043,-0.13164569415444413,0.1297360748432832,-0.6771175331780585
Jawa Barat,Majalengka,18021,0.4387039430145981,0.17219138999585593,-0.07152131867223036,0.12936542409458202,-0.5102252616868335
Jawa Barat,Purwakarta,18023,0.6008357785134495,0.19757986399788116,-0.21208777407241777,0.1151772879918331,-0.8129235525858679
Jawa Barat,Subang,18025,0.5680025124241905,0.1804536002223629,-0.2146763399390495,0.12814988105018582,-0.7826788523632499
Jawa Barat,Sukabumi,18026,0.6726322688510826,0.13514540657720836,-0.21310878741155515,0.11377205721180615,-0.8858408601430994
Jawa Barat,Sumedang,18027,0.5491203622039055,0.1818140486096738,-0.14649700889431805,0.13323560213869384,-0.6956173710982214
Jawa Barat,Kota Bekasi,73711,0.3145170950587469,0.1103031341204087,0.0033256650019719484,0.08197658161788114,-0.3111914300567747
Jawa Barat,Kota Depok,73720,0.4337983814654814,0.12369372824188801,-0.05151310455316127,0.09562569382932343,-0.485311486018646
Kepulauan-riau,Kota Batam,73708,0.4598520410969731,0.3689523013058471,-0.23003233213250746,0.23527908524781818,-0.6908962649573556
Maluku,Kota Ambon,18139,0.32596378367392637,0.3153303522481308,-0.2343223040985321,0.15885855667090706,-0.5687679172371601
Maluku Utara,Kota Ternate,73758,0.5479701232542584,0.27582446434526975,-0.2133286461310369,0.2650677380582649,-0.7817458552865796
Papua,Mimika,73797,0.730737837310778,0.2615692432772554,-0.38746817889563584,0.11626340624501932,-1.1169279146409654
Papua,Nabire,73808,0.7911540449369298,0.20721634660701815,-0.3908301682258483,0.11710648403524788,-1.1844002102416469
Riau,Indragiri Hilir,18162,0.6724660943514552,0.2186353998898546,-0.36616683967475727,0.12755682594634296,-1.0384047525943243
Riau,Kota Pekanbaru,18165,0.588129498179874,0.22509297733200018,-0.2426104551143425,0.12945586666681208,-0.830739953294219
Riau,Kota Dumai,73721,0.6234345837434759,0.25072656321551373,-0.22730189852883204,0.15822003115499664,-0.8505006586051568
Sulawesi Barat,Majene,18177,0.7962214511816639,0.1664926432718818,-0.36005510019559556,0.13611228406205533,-1.1575485518474415
Sulawesi Selatan,Bantaeng,18167,0.578606217303462,0.18717863748797836,-0.17142471532432807,0.12154009374871692,-0.7500309326277927
Sulawesi Selatan,Barru,18168,0.6382357653187116,0.22358662598115062,-0.21241196744957022,0.1880694893790863,-0.8516822756780268
Sulawesi Selatan,Bone,18169,0.5870694158016886,0.18682089659879172,-0.15648947959790827,0.16114718776102244,-0.7435588953995994
Sulawesi Selatan,Bulukumba,18170,0.6112689828099139,0.177365275166735,-0.181089187520887,0.12584064948155388,-0.792574656000945
Sulawesi Selatan,Enrekang,18171,0.6639393485693091,0.18665428827193375,-0.24121772857707896,0.12069710106986038,-0.9051570771463924
Sulawesi Selatan,Gowa,18172,0.6039783074251089,0.18115182586190012,-0.18408881342949324,0.15594244328008652,-0.7880671208546025
Sulawesi Selatan,Jeneponto,18173,0.37146450313160256,0.15941090981399966,-0.015787837015105204,0.11520288082087257,-0.38725234014670906
Sulawesi Selatan,Kota Pare-pare,18174,0.4648465028752599,0.18311668347058352,-0.058757412623290234,0.12452697933925798,-0.5236039154985508
Sulawesi Selatan,Pangkajene Kepulauan,18179,0.5125585575855571,0.2708461317879146,-0.16006640276712797,0.17595401435077757,-0.6726249603526872
Sulawesi Selatan,Pinrang,18180,0.6138975165220925,0.21919604251299024,-0.2117265147571055,0.15583708925334644,-0.826715082719486
Sulawesi Selatan,Selayar,18182,0.552144708629422,0.2978015637201314,-0.2111346493364048,0.2180401674188614,-0.7699041467328288
Sulawesi Selatan,Sidenrengrappang,18183,0.5267046376466524,0.2726266086115922,-0.22840099312559892,0.19043963092694752,-0.755098470943405
Sulawesi Selatan,Sinjai,18184,0.6473188960763737,0.1684486886109396,-0.23281165758503697,0.12484273547157787,-0.8804998026231947
Sulawesi Selatan,Soppeng,18185,0.6269719349072959,0.18506762833991108,-0.19647199474350133,0.1601506185707945,-0.8234439296507993
Sulawesi Selatan,Takalar,18186,0.409180824081199,0.25540365330901227,-0.06237799652913795,0.18543599948918613,-0.4716817990441972
Sulawesi Selatan,Tanatoraja,18187,0.709042288416752,0.13531427685078426,-0.259729415799547,0.11533079944694717,-0.9687717042163044
Sulawesi Selatan,Wajo,18188,0.5431366640129915,0.1966757547881877,-0.1531744240954536,0.1444421833476198,-0.6963110881084457
Sulawesi Selatan,Kota Makasar,73735,0.31028032327226784,0.19975244336055364,-0.01916924321280369,0.15431450044672987,-0.32944956648507107
Sulawesi Selatan,Kota Watampone,73761,0.3709594153508254,0.16316992955201048,-0.04277212885978407,0.14313556808907832,-0.4137315442106108
Sulawesi Selatan,Maros,73792,0.6042274997156443,0.23779945471896802,-0.2089983818785535,0.18046656881029227,-0.8132258815942062
Sulawesi Utara,Bolaangmongondow,18197,0.6290050502634109,0.3094626854251971,-0.32609164389364736,0.14263678350874187,-0.9579287630224216
Sulawesi Utara,Kota Manado,18200,0.6343671666888621,0.24769207516524666,-0.22558857292933426,0.19068088472721773,-0.8620834291961031
Sulawesi Utara,Kota Bitung,73714,0.7156839734666816,0.20006599150293386,-0.31117422113575577,0.17666115926221837,-1.0377602621998785
Sumatera Selatan,Kota Palembang,18218,0.463829376365,0.221684833059807,-0.08084011502366528,0.1412002022652844,-0.5446729118326201
Papua,Paniai,17996,0.7525029691112978,0.23893680300803014,-0.36876871144396944,0.10430050204245173,-1.121049297953187
Papua,Kota Jayapura,73727,,,,,
Papua,Puncakjaya,73832,0.6409771157737586,0.28763686933890764,-0.33027710098639307,0.12552000490324905,-0.9706946699789144
Papua,Asmat,73634,0.5488335266889436,0.3230682572538546,-0.35163996862322683,0.11927682601924858,-0.8956582058080635
Papua,Bovendigoel,73661,0.7263369415196177,0.17000845713599164,-0.36682165627930907,0.08350674553926611,-1.0931561081845207
Papua,Jayapura,73685,0.8663245863195618,0.03318848120481908,-0.5095550284234839,0.032720398613237,-1.3758796147430457
Papua,Jayawijaya,73686,0.581102239658139,0.29170742389964327,-0.273574146157191,0.13399454615650633,-0.8560391259236813
Papua,Keerom,73693,0.6696075618852226,0.257844575481759,-0.32752658198382173,0.09337404864071146,-0.9971258827507957
Papua,Mappi,73791,0.7412374146656524,0.19696720414737426,-0.35822343088503084,0.12291876057183958,-1.0994581234328824
Papua,Merauke,73796,0.6728550711317278,0.19693058967824706,-0.28345490206150886,0.1577344763735279,-0.9559571692005807
Papua,Pegununganbintang,73824,0.6567008796163724,0.26099636674999993,-0.32652285311797036,0.08683728683708507,-0.9832251681056824
Papua,Sarmi,73840,0.7012301331261093,0.2575666439104882,-0.3872419932289028,0.10543886940750875,-1.0888200731992497
Papua,Tolikara,73874,0.6699288333239808,0.28738002416162234,-0.324675374547421,0.12628155269461064,-0.9960913838807223
Papua,Waropen,73877,0.7730291727477684,0.21894533255562945,-0.4143481234670015,0.10670962708610296,-1.187149171435222
Papua,Yahukimo,73879,0.532297422869466,0.3122268725871138,-0.2761776919965325,0.13246494713310755,-0.8080199992369254
Papua,Yapen,73880,0.6577896982858509,0.3173701979445736,-0.3603535208651279,0.17678336667381783,-1.023446827187735
